rownames,Month,Day,Year,CaptureTime,ReleaseTime,BandNumber,Species,Age,Sex,Wing,Weight,Culmen,Hallux,Tail,StandardTail,Tarsus,WingPitFat,KeelFat,Crop
1,9,19,1992,13:30,,877-76317,RT,I,,385,920,25.7,30.1,219,,,,,
2,9,22,1992,10:30, ,877-76318,RT,I,,376,930,,,221,,,,,
3,9,23,1992,12:45, ,877-76319,RT,I,,381,990,26.7,31.3,235,,,,,
4,9,23,1992,10:50, ,745-49508,CH,I,F,265,470,18.7,23.5,220,,,,,
5,9,27,1992,11:15, ,1253-98801,SS,I,F,205,170,12.5,14.3,157,,,,,
6,9,28,1992,11:25, ,1207-55910 ,RT,I,,412,1090,28.5,32.2,230,,,,,
7,9,28,1992,13:30, ,877-76320,RT,I,,370,960,25.3,30.1,212,,,,,
8,9,29,1992,11:45, ,877-76321,RT,A,,375,855,27.2,30,243,,,,,
9,9,29,1992,15:35, ,877-76322,RT,A,,412,1210,29.3,31.3,210,,,,,
10,9,30,1992,13:45, ,1207-55911,RT,I,,405,1120,26,30.2,238,,,,,
11,10,5,1992,13:30, ,877-76323,RT,I,,393,1010,26.3,30.8,222,,,,,
12,10,8,1992,13:45, ,877-76324,RT,I,,371,1010,25.4,29.7,217,,,,,
13,10,9,1992,12:30, ,877-76325,RT,A,,390,1120,28.9,30.9,213,,,,,
14,10,10,1992,11:05, ,1207-55917,RT,A,,393,,28.2,30.6,238,,,,,
15,10,11,1992,11:00, ,1207-55912,RT,I,,416,1170,26.5,34,243,,,,,
16,10,11,1992,11:45, ,1207-55913,RT,A,,436,1390,30.5,34,232,,,,,
17,10,11,1992,12:40, ,877-76326,RT,I,,418,1150,27.1,31,238,,,,,
18,10,11,1992,14:20, ,877-76327,RT,A,,381,950,28.9,28.9,202,,,,,
19,10,12,1992,13:40, ,877-76328,RT,I,,378,910,25.7,28.2,227,,,,,
20,10,13,1992,11:00, ,877-76329,RT,I,,396,1010,24,26.9,227,,,,,
21,10,13,1992,14:50, ,877-76330,RT,I,,399,1070,26.4,31.2,222,,,,,
22,10,14,1992,13:15, ,877-76331,RT,I,,416,1190,28.8,31.6,237,,,,,
23,10,17,1992,12:10, ,877-76332,RT,I,,415,101,24.9,30.7,238,,,,,
24,10,22,1992,13:05, ,877-76333,RT,A,,392,1330,27,30.3,213,,,,,
25,10,23,1992,11:45, ,877-76334,RT,I,,380,990,26,30,211,,,,,
26,10,23,1992,16:05, ,1173-19901,SS,I,M,173,100,,,130,,,,,
27,10,24,1992,14:35, ,877-76335,RT,I,,399,1100,26.2,32.5,190,,,,,
28,10,25,1992,12:05, ,1207-55914,RT,A,,401,1190,28.6,31.6,245,,,,,
29,10,27,1992,10:05, ,1253-98802,SS,I,F,205,180,11.7,15,164,,,,,
30,10,27,1992,10:45, ,608-48703,RT,I,,427,1490,30.1,32.4,246,,,,,
31,10,27,1992,15:15, ,1207-55915,RT,A,,395,1040,27.1,31.4,207,,,,,
32,10,30,1992,11:05, ,877-76336,RT,I,,362,820,24.9,27.9,209,,,,,
33,11,3,1992,10:15, ,1207-55916,RT,A,,396,1030,26,29.7,200,,,,,
34,11,8,1992,11:45, ,1207-55918,RT,A,,391,1300,25.5,32.4,215,,,,,
35,11,8,1992,13:30, ,1207-55919,RT,A,,413,1500,26.5,31.3,219,,,,,
36,11,13,1992,10:45, ,987-53707,RT,A,,371,1080,25.3,27.2,198,,,,,
37,11,16,1992,11:15, ,1207-55920,RT,A,,385,1320,27.3,30.1,207,,,,,
38,11,21,1992,14:00, ,877-76337,RT,A,,378,1490,25.4,31.3,204,,,,,
39,11,22,1992,10:08, ,1207-55921,RT,A,,416,1500,29.1,30.8,205,,,,,
40,9,13,1993,14:25, ,173-19904,SS,I,M,193,100,9.3,101,144,,,,,
41,9,17,1993,15:25, ,193-19905,SS,I,M,171,88,9.7,11.5,136,,,,,
42,9,20,1993,13:45, ,120407-804,CH,I,,233,324,16,19.3,191,,,,,
43,9,21,1993,15:11, ,877-76339,RT,I,,384,1060,26.1,31.2,230,,,,,
44,9,22,1993,13:50, ,877-76340,RT,I,,382,1140,25.1,29.4,227,,,,,
45,9,22,1993,15:55, ,877-76341,RT,I,,390,1030,27.6,30.3,208,,,,,
46,9,27,1993,12:15, ,877-76342,RT,I,,390,1000,25.1,28.3,231,,,,,
47,9,27,1993,13:00, ,877-76344,RT,I,,393,1050,28.7,29.8,222,,,,,
48,9,27,1993,13:20, ,877-76345,RT,I,,378,1040,26.2,31.2,225,,,,,
49,9,27,1993,15:03, ,877-76346,RT,I,,398,1110,26.5,30.9,225,,,,,
50,9,28,1993,11:50, ,877-76347,RT,I,,412,1300,27.9,31.55,233,,,,,
51,9,28,1993,12:45, ,877-76348,RT,I,,400,980,25.7,29.3,214,,,,,
52,9,29,1993,9:53, ,877-76349,RT,I,,422,1120,26.4,28.3,233,,,,,
53,9,29,1993,10:25, ,1253-98803,SS,I,F,202,134,12.4,13.7,158,,,,,
54,9,29,1993,15:30, ,877-76350,RT,I,,394,1270,27.8,31.6,245,,,,,
55,9,30,1993,13:25, ,787-53708,RT,I,,369,880,25,26.5,210,,,,,
56,10,1,1993,10:20, ,745-49512,CH,I,F,252,340,16,20.8,230,,,,,
57,10,1,1993,10:45, ,745-49513,CH,A,M,240,340,16.1,19.3,192,,,,,
58,10,3,1993,13:35, ,1207-55922,RT,I,,410,1255,29.7,31.4,229,,,,,
59,10,4,1993,11:25, ,1207-55923,RT,I,,241,1320,28.6,36.4,235,,,,,
60,10,7,1993,14:40, ,1207-55924,RT,I,,408,1320,30,33.4,221,,,,,
61,10,9,1993,9:38, ,877-76351,RT,I,,37.2,1180,20.2,26.65,210,,,,,
62,10,9,1993,10:20, ,877-76552,RT,I,,380,760,24.5,26.1,212,,,,,
63,10,10,1993,11:25, ,1207-55927,RT,I,,396,1250,26.6,32.5,225,,,,,
64,10,10,1993,13:27, ,877-76353,RT,I,,326,,25.2,27.7,215,,,,,
65,10,11,1993,11:35, ,1173-19906,SS,I,M,158,100,10.8,10.5,122,,,,,
66,10,11,1993,14:00, ,877-76354,RT,I,,416,1300,27.3,32.7,235,,,,,
67,10,12,1993,13:15, ,745-49515,CH,I,F,271,475,18.2,24.75,232,,,,,
68,10,13,1993,9:23, ,1173-19907,SS,A,M,176,100,9.8,11.1,133,,,,,
69,10,14,1993,14:05, ,1373-35272,SS,A,F,194,,11.4,14.2,154,,,,,
70,10,21,1993,9:20, ,877-76355,RT,A,,390,1080,30.2,29.1,209,,,,,
71,10,21,1993,15:30, ,877-76357,RT,A,,391,1130,26.4,29.4,212,,,,,
72,10,22,1993,16:35, ,877-76358,RT,A,,387,1160,26.8,31,209,,,,,
73,10,23,1993,13:05, ,1207-55941,RT,I,,420,1345,29.5,34.3,250,,,,,
74,10,25,1993,14:12, ,877-76359,RT,A,,435,1385,32.6,30.6,235,,,,,
75,10,26,1993,15:55, ,877-76360,RT,A,,400,1210,25.5,28.6,222,,,,,
76,10,31,1993,11:35, ,1207-55947,RT,I,,398,1455,28,31.5,236,,,,,
77,11,5,1993,11:00, ,877-76361,RT,I,,395,1180,25,28.9,210,,,,,
78,11,18,1993,10:37, ,877-76362,RT,I,,410,1500,27.1,33.2,239,,,,,
79,9,6,1994,9:55, ,1387-99101,RT,I,,369,1025,27.1,31.5,228,,,,,
80,9,6,1994,10:40, ,1387-99102,RT,I,,372,930,26.1,31.1,220,,,,,
81,9,7,1994,12:27, ,1387-99104,RT,I,,415,1360,28.6,33.5,233,,,,,
82,9,7,1994,13:35, ,1387-99103,RT,I,,412,1255,27.7,32.6,236,,,,,
83,9,8,1994,12:10, ,1423-16201,SS,I,F,205,194,12.6,14.4,155,,,,,
84,9,9,1994,9:02, ,2003-58433,SS,I,F,204,159,12.5,14.8,152,,,,,
85,9,9,1994,10:47, ,872-09611,SS,I,M,170,90,9.5,11.3,135,,,,,
86,9,12,1994,11:24, ,1204-45804,CH,A,M,233,340,17.8,19.4,186,,,,,
87,9,12,1994,13:50, ,1387-97105,RT,I,,375,1065,25.9,30,216,,,,,
88,9,13,1994,11:58, ,1387-79106,RT,I,,385,1125,19.6,31.4,233,,,,,
89,9,15,1994,12:45, ,1207-64601,RT,I,,422,1340,28.7,32,248,,,,,
90,9,15,1994,13:20, ,1387-79107,RT,I,,391,1050,26.6,32.2,221,,,,,
91,9,15,1994,13:35, ,1387-79108,RT,I,,410,1210,27.5,308,227,,,,,
92,9,16,1994,10:23, ,1387-79109,RT,I,,385,980,26.8,27.8,223,,,,,
93,9,16,1994,11:20, ,1387-79111,RT,I,,381,1000,25.5,29.8,219,,,,,
94,8,18,1994,12:05, ,1207-64602,RT,A,,416,1390,28.1,31.3,225,,,,,
95,9,18,1994,13:20, ,1207-64603,RT,I,,406,1275,29,33.7,238,,,,,
96,9,19,1994,12:58, ,1207-64604,RT,I,,418,1180,30.1,341.4,235,,,,,
97,9,19,1994,14:05, ,1207-64605,RT,I,,412,1210,29.3,33.8,222,,,,,
98,9,20,1994,9:05, ,2003-58435,SS,A,F,208,168,12.7,14.8,155,,,,,
99,9,20,1994,9:33, ,2003-58436,SS,I,F,208,146,11.8,14.9,160,,,,,
100,9,20,1994,11:04, ,1423-16203,SS,I,M,175,108,10,11.5,137,,,,,
101,9,20,1994,12:10, ,1423-16204,SS,I,M,166,94,9.5,11.3,127,,,,,
102,9,29,1994,13:55, ,1387-79112,RT,I,,405,1085,27.7,29.9,238,,,,,
103,9,20,1994,14:00, ,2003-58437,SS,A,F,198,188,12.2,143,150,,,,,
104,9,29,1994,14:45, ,2003-58438,SS,I,F,200,154,12.4,14.4,150,,,,,
105,9,21,1994,13:50, ,1387-79113,RT,I,,380,810,25.9,28.7,229,,,,,
106,9,23,1994,11:48, ,1387-79114,RT,I,,381,905,27.9,29.1,227,,,,,
107,9,26,1994,10:28, ,872-09612,SS,I,M,169,94,9,10.2,129,,,,,
108,9,26,1994,10:54, ,2206-35417,CH,I,F,260,420,19.6,23.9,220,,,,,
109,9,26,1994,12:10, ,1207-64606,RT,I,,428,1240,29.1,34.7,245,,,,,
110,9,26,1994,14:02, ,1207-64607,RT,I,,400,990,26.9,31.4,223,,,,,
111,9,27,1994,8:00, ,1705-24603,CH,I,F,265,365,16.8,22.5,224,,,,,
112,9,27,1994,11:55, ,1423-16205,SS,I,M,177,91,10.2,11.3,133,,,,,
113,9,27,1994,15:40, ,1307-79115,RT,I,,381,1010,25.8,31.7,210,,,,,
114,9,28,1994,9:25, ,1387-79116,RT,I,,403,980,26.3,29.7,234,,,,,
115,9,28,1994,11:10, ,1387-79117,RT,I,,382,860,26.5,29,219,,,,,
116,9,28,1994,11:38, ,1387-79118,RT,I,,382,970,25.8,29,216,,,,,
117,9,28,1994,13:02, ,1387-79119,RT,I,,399,980,27.5,29.9,230,,,,,
118,9,29,1994,13:55, ,1387-79120,RT,I,,380,985,23.9,29,223,,,,,
119,9,29,1994,13:16, ,1387-79121,RT,I,,375,990,25.6,30.6,220,,,,,
120,9,30,1994,10:39, ,1207-64608,RT,I,,420,1210,27.8,32.6,241,,,,,
121,10,3,1994,11:13, ,872-09613,SS,I,M,170,89,8.6,11,136,,,,,
122,10,3,1994,13:07, ,872-09614,SS,A,M,177,97,10,11.3,137,,,,,
123,10,4,1994,13:37, ,1387-79122,RT,I,,375,990,28,29.5,223,,,,,
124,10,4,1994,14:45, ,1207-64609,RT,I,,395,1170,28.1,31.7,238,,,,,
125,10,5,1994,11:55, ,872-09615,SS,A,M,170,93,10.1,11.2,126,,,,,
126,10,5,1994,13:55, ,1207-64610,RT,I,,406,1350,30.5,32,235,,,,,
127,10,5,1994,15:17, ,1207-64611,RT,I,,414,1370,29.3,33,240,,,,,
128,10,5,1994,16:00, ,872-09616,SS,I,M,173,103,9.7,19.4,137,,,,,
129,10,6,1994,10:45, ,2003-58439,SS,I,F,209,151,12.2,13.9,160,,,,,
130,10,6,1994,11:23, ,872-09617,SS,I,M,177,101,10.3,12.1,140,,,,,
131,10,7,1994,10:50, ,1387-79123,RT,I,,388,985,26.9,29.8,220,,,,,
132,10,7,1994,11:24, ,1387-79124,RT,I,,277,940,26.5,30.4,218,,,,,
133,10,7,1994,12:15, ,1207-64612,RT,I,,423,1310,27.4,34.1,234,,,,,
134,10,7,1994,15:40, ,1387-79125,RT,I,,365,1035,26.1,30.8,232,,,,,
135,10,7,1994,16:35, ,1387-79126,RT,I,,383,965,26.1,31.8,221,,,,,
136,10,10,1994,11:02, ,1387-79127,RT,I,,391,1125,25.4,30.9,220,,,,,
137,10,10,1994,12:01, ,1387-79128,RT,I,,389,975,26.4,30.3,232,,,,,
138,10,10,1994,12:23, ,1387-79129,RT,I,,392,1140,26.2,29.8,214,,,,,
139,10,10,1994,13:10, ,1387-79130,RT,I,,375,950,25.3,29.9,225,,,,,
140,10,10,1994,13:50, ,1207-64613,RT,I,,410,1210,28.1,28.9,238,,,,,
141,10,10,1994,15:07, ,872-09618,SS,I,M,179,95,10.8,11.6,133,,,,,
142,10,11,1994,8:52, ,872-09619,SS,I,M,172,89,9.4,10.8,136,,,,,
143,10,11,1994,12:36, ,2003-58440,SS,A,F,202,195,12.4,14.1,151,,,,,
144,10,12,1994,11:15, ,1423-16206,SS,I,M,174,93,9.5,11,131,,,,,
145,10,13,1994,13:05, ,1207-64614,RT,I,,422,1205,28.8,31.3,238,,,,,
146,10,13,1994,14:00, ,1387-79131,RT,I,,385,1045,27.6,27.5,229,,,,,
147,10,16,1994,12:05, ,1387-79132,RT,I,,363,1090,26.6,28.8,202,,,,,
148,10,16,1994,11:30, ,1207-64615,RT,I,,450,1190,30.3,32.8,226,,,,,
149,10,18,1994,10:00, ,1287-79133,RT,I,,380,960,25.6,30.1,220,,,,,
150,10,18,1994,12:35, ,1387-79134,RT,I,,385,955,26.3,30.1,215,,,,,
151,10,18,1994,13:30, ,1387-79135,RT,I,,385,1110,24.7,30.2,122,,,,,
152,10,19,1994,9:08, ,872-09620,SS,I,M,171,100,19.1,11.5,134,,,,,
153,10,19,1994,10:46, ,1387-79136,RT,I,,380,900,24,26.5,215,,,,,
154,10,19,1994,11:27, ,1387-79137,RT,I,,384,1075,26.5,30.7,208,,,,,
155,10,19,1994,12:15, ,1387-79138,RT,I,,373,980,27.9,32.1,211,,,,,
156,10,19,1994,12:55, ,1387-79139,RT,I,,381,940,27.8,34.2,220,,,,,
157,10,19,1994,13:35, ,1387-79140,RT,I,,363,1070,25.6,30.4,204,,,,,
158,10,19,1994,13:50, ,1387-79141,RT,I,,409,1120,29.4,31.6,229,,,,,
159,10,20,1994,12:00, ,1387-79142,RT,A,,390,1060,27.6,29,205,,,,,
160,10,21,1994,10:12, ,2003-58441,SS,I,F,204,168,12.1,14.3,155,,,,,
161,10,22,1994,14:45, ,1423-16207,SS,I,F,197,211,11.5,13.9,150,,,,,
162,10,23,1994,11:06, ,1387-79143,RT,I,,420,1125,27.2,27.4,244,,,,,
163,10,23,1994,11:36, ,1387-79144,RT,I,,381,1100,27,28.2,225,,,,,
164,10,23,1994,13:09, ,1207-64616,RT,I,,408,1360,30,33.9,239,,,,,
165,10,23,1994,14:25, ,1387079145,RT,I,,388,995,26.7,30.7,222,,,,,
166,10,23,1994,15:00, ,1387-79146,RT,A,,398,1095,21.1,31.4,209,,,,,
167,10,24,1994,9:05, ,1423-16208,SS,I,F,209,196,12.1,14.6,164,,,,,
168,10,25,1994,10:25, ,2003-58442,SS,I,F,209,176,11.7,15.1,159,,,,,
169,10,25,1994,14:00, ,1387-079147,RT,A,,394,1075,25.5,29.7,211,,,,,
170,10,25,1994,14:19, ,1423-11209,SS,A,F,204,180,12.3,15.2,160,,,,,
171,10,26,1994,9.12, ,1423-16210,SS,I,F,204,164,12.3,14.3,157,,,,,
172,10,26,1994,10:29, ,2003-58443,SS,I,F,209,158,12.2,14.4,160,,,,,
173,10,26,1994,11:39, ,1387-79148,RT,I,,394,1140,26.8,29.2,216,,,,,
174,10,26,1994,14:55, ,1207-64617,RT,I,,416,1240,27.9,31.8,250,,,,,
175,10,26,1994,15:40, ,1207-64618,RT,I,,445,1465,29.7,34.6,260,,,,,
176,10,27,1994,9:15, ,2003-58444,SS,I,F,209,169,12.1,14.5,164,,,,,
177,10,27,1994,10:55, ,1387-79149,RT,I,,388,1105,26.7,28.9,217,,,,,
178,10,27,1994,11:50, ,1387-79150,RT,I,,397,1010,27.1,31.4,228,,,,,
179,10,27,1994,12:24, ,1387-79151,RT,I,,384,1075,26.3,30.5,218,,,,,
180,10,27,1994,13:37, ,1387-79152,RT,I,,379,1060,27.9,30.9,220,,,,,
181,10,28,1994,10:05, ,1387-79199,RT,I,,393,1015,27.6,31.1,227,,,,,
182,10,28,1994,10:45, ,1387-79153,RT,I,,386,1100,26,30.2,211,,,,,
183,10,29,1994,11:05, ,1387-79154,RT,I,,397,1010,25,30.6,222,,,,,
184,10,29,1994,11:50, ,1387-79155,RT,I,,382,1000,26.3,30.1,225,,,,,
185,11,1,1994,10:45, ,1387-79156,RT,I,,386,980,25.4,30.2,221,,,,,
186,11,1,1994,11:21, ,1387-79157,RT,I,,417,1240,28.7,32.4,231,,,,,
187,11,2,1994,11:41, ,1387-79158,RT,I,,403,1360,27.9,33.1,235,,,,,
188,11,2,1994,12:26, ,1204-45805,CH,A,M,239,183,17.3,19.2,182,,,,,
189,11,2,1994,12:20, ,1207-64619,RT,I,,401,1405,29.1,82.8,235,,,,,
190,11,2,1994,14:52, ,1387-79159,RT,A,,377,1055,27,29.1,200,,,,,
191,11,6,1994,9:55, ,1207-64620,RT,A,,432,1670,27.1,32.9,216,,,,,
192,11,6,1994,10:30, ,1207-64621,RT,I,,390,1250,26.2,30.5,223,,,,,
193,11,6,1994,11:40, ,1387-79160,RT,I,,381,1030,25.3,29.9,210,,,,,
194,11,7,1994,11:22, ,1387-79161,RT,I,,403,1040,,29.9,229,,,,,
195,11,7,1994,12:47, ,1423-16211,SS,I,F,213,190,12.2,15.5,160,,,,,
196,11,9,1994,9:46, ,872-09621,SS,I,M,172,105,10,10.8,125,,,,,
197,11,9,1994,15:02, ,1807-53101,RT,I,,390,1090,26.2,28.8,226,,,,,
198,11,11,1994,10:00, ,1423-16212,SS,I,F,204,190,11.8,13.9,154,,,,,
199,11,11,1994,11:59, ,1387-79162,RT,A,,386,1050,28.4,29.4,207,,,,,
200,11,11,1994,14:42, ,1387-79163,RT,I,,402,1110,26.1,30,238,,,,,
201,11,11,1994,15:01, ,1423-16213,SS,I,F,201,206,12.1,13.5,151,,,,,
202,11,11,1994,15:23, ,1423-16214,SS,I,F,202,195,12.1,14.8,158,,,,,
203,11,15,1994,11:40, ,1387-79164,RT,A,,374,1010,24.9,30.1,197,,,,,
204,11,16,1994,11:15, ,1807-53103,RT,I,,358,880,24.2,28.7,250,,,,,
205,11,16,1994,12:19, ,1387-79165,RT,I,,370,1060,24.3,29.8,215,,,,,
206,11,21,1994,10:40, ,1387-79166,RT,I,,390,920,25.7,30,214,,,,,
207,11,21,1994,13:33, ,1387-79167,RT,I,,398,1195,26.2,29.8,230,,,,,
208,9,8,1995,13:30, ,1387-170,RT,I,,360,890,26,28.4,213,,,,,
209,9,8,1995,14:20, ,1387-79171,RT,I,,355,900,25.3,29,214,,,,,
210,9,13,1995,14:30, ,1207-64623,RT,A,,375,1110,22.2,31.5,224,,,,,
211,9,13,1995,14:45, ,2003-59463,SS,I,F,200,160,10.2,13.2,153,,,,,
212,9,14,1995,10:05, ,972-09622,SS,I,M,179,105,10.1,11.3,131,,,,,
213,9,15,1995,9:40, ,2003-58464,SS,I,M,175,99,9.6,12.7,145,,,,,
214,9,15,1995,9:50, ,2003-58465,SS,I,F,203,165,12,14.4,165,,,,,
215,9,15,1995,11:05, ,2003-58466,SS,I,F,205,100,12,12.5,168,,,,,
216,9,17,1995,11:20, ,1343-78401,SS,I,F,213,125,11.5,14.4,156,,,,,
217,9,17,1995,12:15, ,1387-79173,RT,I,,409,1100,29,32.6,215,,,,,
218,9,17,1995,14:58, ,1343-78402,SS,I,F,202,,,,164,,,,,
219,9,18,1995,14:20, ,1343-78403,SS,I,F,195,155,11.9,14.6,155,,,,,
220,9,18,1995,15:10, ,1207-64624,RT,I,,415,1285,29.5,31.8,239,,,,,
221,9,19,1995,10:05, ,1204-45806,CH,A,M,236,390,15.1,20.4,185,,,,,
222,9,20,1995,10:50, ,1387-79174,RT,I,,363,920,26.8,30.2,214,,,,,
223,9,23,1995,10:10, ,1387-79175,RT,I,,381,1025,25.4,30.8,232,,,,,
224,9,26,1995,11:05, ,1387-79176,RT,A,,350,940,26,29.1,205,,,,,
225,9,26,1995,13:03, ,1387-79177,RT,I,,398,1240,28.5,30.8,243,,,,,
226,9,26,1995,12:55, ,1207-64625,RT,I,,412,1160,27.8,33,255,,,,,
227,9,26,1995,13:55, ,2003-58467,SS,I,F,203,150,11.5,13.9,159,,,,,
228,9,27,1995,9:40, ,2003-58468,SS,I,F,201,130,11.7,14.4,156,,,,,
229,9,27,1995,12:50, ,1387-79178,RT,I,,411,1240,26.8,32.7,276,,,,,
230,9,27,1995,13:55, ,1807-53104,RT,I,,373,930,24.4,27.4,210,,,,,
231,10,1,1995,10:15, ,1423-16221,SS,I,M,178,90,10.9,12.1,145,,,,,
232,10,1,1995,12:04, ,1207-64626,RT,I,,415,1240,25.6,31.2,231,,,,,
233,10,1,1995,12:50, ,1387-79179,RT,I,,383,1030,25.2,29.8,216,,,,,
234,10,2,1995,13:55, ,1705-24606,CH,I,M,223,550,18.8,21.3,210,,,,,
235,10,3,1995,11:20, ,1387-79180,RT,I,,390,1250,26.5,32,210,,,,,
236,10,3,1995,11:45, ,1387-79181,RT,I,,390,999,25.3,29.8,220,,,,,
237,10,4,1995,12:20, ,1387-79182,RT,A,,365,1120,26.5,30.8,260,,,,,
238,10,4,1995,12:54, ,1387-79183,RT,A,,345,1000,26.4,30.1,200,,,,,
239,10,5,1995,11:08, ,1705-24607,CH,I,F,273,530,19.2,24.7,213,,,,,
240,10,6,1995,12:15, ,1207-64627,RT,I,,400,1040,27.7,32.1,230,,,,,
241,10,6,1995,12:36, ,1207-64628,RT,I,,380,1150,27.8,31.1,220,,,,,
242,10,6,1995,13:05, ,1207-79184,RT,I,,330,1000,25.9,30.2,220,,,,,
243,10,6,1995,13:10, ,1207-64629,RT,I,,410,1360,33.3,28.6,235,,,,,
244,10,7,1995,12:00, ,1387-79185,RT,I,,313,930,25.7,28.9,215,,,,,
245,10,9,1995,11:35, ,1387-79186,RT,I,,384,980,25.8,30.4,215,,,,,
246,10,9,1995,11:50, ,1207-64660,RT,I,,409,1260,27.7,31.8,221,,,,,
247,10,9,1995,12:50, ,1387-79187,RT,I,,390,900,27.5,28.6,225,,,,,
248,10,10,1995,11:50, ,1207-64630,RT,I,,411,1300,25.9,31.9,238,,,,,
249,10,10,1995,14:25, ,1705-24608,CH,I,F,259,470,16.6,23.4,221,,,,,
250,10,11,1995,14:25, ,1387-79188,RT,A,,380,1040,26.4,30.9,212,,,,,
251,10,11,1995,14:25, ,1387-79189,RT,I,,370,950,27.3,30.5,215,,,,,
252,10,11,1995,13:15, ,1387-79190,RT,I,,415,1320,29.4,33.9,235,,,,,
253,10,12,1995,10:37, ,1204-45807,SS,I,F,215,180,14.1,12.7,132,,,,,
254,10,12,1995,13:20, ,1387-79191,RT,I,,410,1280,27.9,32.7,229,,,,,
255,10,12,1995,14:20, ,1387-79192,RT,I,,412,1310,26.1,31.1,251,,,,,
256,10,12,1995,14:30, ,1207-64631,RT,A,,384,910,26.4,28.4,215,,,,,
257,10,13,1995,12:05, ,1207-64632,RT,I,,404,1220,28.6,30.4,225,,,,,
258,10,13,1995,13:00, ,1387-79193,RT,I,,375,920,23.8,28.8,210,,,,,
259,10,13,1995,15:00, ,1387-79794,RT,I,,410,1135,26.4,32.4,267,,,,,
260,10,14,1995,10:05, ,1387-79195,RT,I,,384,940,26.2,29.8,220,,,,,
261,10,14,1995,13:25, ,1207-64634,RT,I,,385,920,25,32.2,238,,,,,
262,10,14,1995,13:40, ,1387-79196,RT,I,,398,1280,28,32.4,248,,,,,
263,10,15,1995,14:20, , ,CH,A,,,480,17.7,32.1,198,,,,,
264,10,15,1995,14:30, ,1387-79197,RT,I,,425,1220,27.3,33,241,,,,,
265,10,15,1995,15:00, ,1397-79198,RT,I,,401,1000,26.7,28,212,,,,,
266,10,16,1995,12:35, ,1387-79172,RT,I,,387,1120,26.8,50.2,221,,,,,
267,10,16,1995,13:33, ,1807-53105,RT,I,,376,925,26,30.8,233,,,,,
268,10,17,1995,11:10, ,1423-16223,SS,A,M,171,90,9.9,11.9,138,,,,,
269,10,17,1995,11:45, ,1207-64635,RT,A,,420,1280,27.5,31.8,230,,,,,
270,10,18,1995,12:20, ,877-76379,RT,I,,385,985,27.5,30.8,223,,,,,
271,10,18,1995,13:05, ,2107-64631,RT,I,,405,1350,28.3,32.6,226,,,,,
272,10,18,1995,13:15, ,1807-53107,RT,I,,350,730,24.6,25.7,208,,,,,
273,10,18,1995,12:00, ,1387-79200,RT,I,,388,890,27.8,31.2,231,,,,,
274,10,18,1995,12:02, ,877-76380,RT,I,,398,1020,26.5,31.1,217,,,,,
275,10,20,1995,10:10, ,1207-64637,RT,A,,410,1000,27.1,30.6,230,,,,,
276,10,23,1995,10:30, ,2003-58469,SS,I,F,202,150,11.7,14.1,153,,,,,
277,10,23,1995,12:20, ,1343-78405,SS,I,F,204,180,11.5,12.4,186,,,,,
278,11,2,1995,12:05, ,8777-63481,RT,A,,382,1020,26.5,29.4,225,,,,,
279,11,2,1995,13:00, ,1207-64638,RT,I,,111,1340,26.85,31.9,226,,,,,
280,11,20,1995,14:10, ,1207-64639,RT,I,,396,1300,27.3,30.5,214,,,,,
281,11,21,1995,11:45, ,8777-6382,RT,I,,363,1015,25.5,30.1,242,,,,,
282,10,2,1996,9:47, ,1807-53108,RT,I,,360,900,30.5,28.8,220,,,,,
283,10,10,1996,10:45, ,1207-64640,RT,I,,390,1000,26.1,29.6,250,,,,,
284,10,10,1996,11:07, ,1204-45808,SS,I,M,195,150,12.3,14.6,178,,,,,
285,10,10,1996,12:15, ,1207-64641,RT,A,,390,1050,24.8,32.5,220,,,,,
286,10,10,1996,13:20, ,1207-64642,RT,I,,380,950,24.9,29,240,,,,,
287,10,14,1996,9:40, ,1705-24609,CH,I,M,225,350,12.6,26,215,,,,,
288,10,17,1996,13:05, ,1705-24610,CH,A,M,247,375,16.9,18.2,160,,,,,
289,10,18,1996,10:58, ,1207-64643,RT,A,,415,1175,28.3,33.2,230,,,,,
290,10,23,1996,9:25, ,1387-92101,RT,I,,354,980,25.8,29.3,220,,,,,
291,10,24,1996,10:35, ,1387-92102,RT,A,,417,1260,29,32.8,234,,,,,
292,10,24,1996,11:18, ,1387-92103,RT,I,,379,1050,25.9,31.3,226,,,,,
293,10,25,1996,10:40, ,1207-64644,RT,A,,412,1330,29.2,32.2,218,,,,,
294,10,27,1996,16:16, ,1387-92104,RT,A,,377,980,28,29.1,209,,,,,
295,10,28,1996,12:40, ,1387-92105,RT,I,,372,920,25.3,30,228,,,,,
296,10,30,1996,9:25, , ,RT,I,,420,1540,29.9,35.5,235,,,,,
297,10,30,1996,11:30, ,1387-92106,RT,I,,368,1060,25.5,26.9,223,,,,,
298,11,1,1996,14:05, ,1207-64645,RT,I,,406,1420,29.9,32,245,,,,,
299,11,7,1996,13:20, ,1705-24611,CH,I,M,225,400,15,20,202,,,,,
300,9,9,1997,12:01, ,1387-92125,RT,I,,392,1142,27.2,33,235,244,89.3,0,1,0
301,9,9,1997,13:06,13:26,2003-58576,SS,I,F,191,157,12,13.8,158,162,57,2,2,0
302,9,10,1997,10:39,10:53,1423-16276,SS,I,M,161,98,10.3,11.7,133,137,48.4,1,2,0.25
303,9,10,1997,14:35,14:50,1387-92127,RT,I,,365,813,26.2,30.1,221,224,86.6,0,0,0
304,9,11,1997,10:05,10:32,1423-16277,SS,I,M,156,94,9.9,11.4,125,129,48.6,1,2,0.25
305,9,12,1997,11:00,10:20,2003-58577,SS,I,F,191,155,16.5,14.4,158,161,54.3,0,1,0
306,9,14,1997,10:46,11:00,2003-58578,SS,I,F,198,181,12.5,14.1,159,164,56,2,2,0
307,9,14,1997,12:35,12:50,872-09631,SS,I,M,160,92,9.8,11,132,135,48.3,2,1,0
308,9,17,1997,12:26,13:10,872-09633,SS,I,M,164,98,10.1,11.4,136,138,50.5,2,1,0
309,9,17,1997,13:04,13:45,1387-92128,RT,I,,352,1024,26.6,30.3,216,225,90.2,0,0,0
310,9,17,1997,15:02,14:07,1705-24626,CH,I,F,265,464,19.2,24.1,225,229,73.3,0,0,0
311,9,18,1997,11:16,11:28,872-09634,SS,I,M,163,100,10.4,11.2,137,139,44.5,1,1,0.25
312,9,18,1997,14:33,14:45,1423-16228,SS,I,F,193,186,12.8,14,155,159,57.6,3,2,0.25
313,9,19,1997,13:05,13:36,1423-16229,SS,I,F,190,164,11.9,14.5,155,160,57.5,2,1,0
314,9,20,1997,10:30,10:42,972-04635,SS,I,M,165,98,10.1,11.4,138,142,50.2,0,1,0
315,9,21,1997,10:56,11:22,972-09636,SS,I,M,162,,,,130,,,2,1,0.25
316,9,21,1997,11:42,11:50,1426-16230,SS,A,F,198,158,12.1,14.5,154,160,55,0,1,0
317,9,21,1997,11:55,12:07,1387-92129,RT,I,,370,1023,25.8,30.1,216,228,82.8,1,0,0.25
318,9,23,1997,13:35,11:55,1202-72601,RT,I,,230,340,16.5,30.5,200,225,85.5,0,0,0.25
319,9,23,1997,11:43,12:09,1705-24627,CH,I,M,194,163,12.2,20,158,206,67.5,2,1,0
320,9,23,1997,12:00,12:24,1423-16231,SS,I,F,157,92,9.8,14.7,132,160,55,1,1,0
321,9,23,1997,12:13,10:50,872-09638,SS,I,M,260,550,19.5,11.2,215,136,49.8,1,0,0
322,9,24,1997,10:19, ,1705-24628,CH,A,F,377,1119,25.4,23.9,226,224,24.7,1,1,1
323,9,24,1997,11:20, ,1387-92130,RT,I,,364,917,26,29.6,216,225,85.1,0,0,0
324,9,25,1997,10:45, ,1387-92131,RT,I,,367,946,26.7,28.9,221,232,88.9,0,1,0
325,9,25,1997,11:00, ,1387-92132,RT,I,,233,337,15.7,31.9,196,225,87.4,0,0,0.5
326,9,25,1997,12:05, ,1204-45809,CH,I,M,336,742,23.4,18.8,221,205,67.2,0,0,0
327,9,26,1997,10:10, ,1423-16233,SS,I,F,259,439,18.8,15.2,218,171,57,0,0,0
328,9,26,1997,10:59, ,1705-24629,CH,I,F,199,187,12.2,24.2,157,221,74.4,1,1,0.5
329,9,26,1997,13:35,13:52,1423-16232,SS,I,F,165,92,9.7,14.6,135,162,56.5,2,1,0
330,9,26,1997,13:36,14:40,872-09639,SS,I,M,370,1094,27.3,11.5,221,139,47.7,1,0,0
331,9,26,1997,14:26, ,1387-92133,RT,I,,362,832,23.8,32.6,210,230,87.1,0,1,0
332,9,30,1997,12:10, ,1207-72602,RT,A,,368,1244,,,220,,,,,
333,9,30,1997,12:50, ,1387-92134,RT,I,,368,1244,26.7,30.2,220,228,85.4,1,1,0
334,10,1,1997,10:50,11:00,1387-92135,RT,I,,367,974,25.2,29.6,221,240,85.2,0,0,0
335,10,1,1997,11:58,12:27,1387-92136,RT,I,,400,1289,28.6,32.1,242,261,86.9,0,0,0
336,10,1,1997,12:25,12:41,1387-92137,RT,I,,379,999,28.3,32,220,238,90.1,0,1,0
337,10,1,1997,12:32,12:59,1387-92138,RT,I,,360,994,26.5,30.4,210,232,84.8,0,1,0
338,10,1,1997,12:57,13:14,1387-92139,RT,I,,362,1004,27,31.4,221,240,86.8,0,1,0
339,10,2,1997,11:52,12:05,1387-92140,RT,I,,378,1097,28.9,33.4,236,244,91.3,0,1,0
340,10,2,1997,13:17,13:32,1423-16234,SS,I,F,201,185,13.1,14.5,162,167,58.1,1,1,0
341,10,6,1997,12:01,12:21,1423-16235,SS,I,M,193,181,12.8,11.5,150,152,52.4,0,0,0
342,10,6,1997,14:08,14:37,1387-92141,RT,I,,372,1092,27.2,31.8,235,239,85.2,0,1,0
343,10,8,1997,10:00,10:25,1387-92142,RT,I,,369,1049,30.1,32,231,240,84.9,0,0,0
344,10,8,1997,11:52,12:13,1387-92143,RT,I,,354,998,27.2,29.2,227,234,81.7,1,1,0
345,10,9,1997,9:57,11:07,1387-92144,RT,I,,367,1091,31.8,34.2,238,249,91.7,0,0,0
346,10,9,1997,13:00,13:32,1387-92145,RT,I,,349,987,29,31.1,225,237,89,0,0,0
347,10,9,1997,13:27,13:57,1387-92146,RT,I,,375,1151,34.1,33.7,249,250,94,1,1,0.25
348,10,9,1997,14:27,14:50,1387-92147,RT,I,,343,971,25.1,26.1,213,224,79.3,0,0,0
349,10,9,1997,14:58,15:15,1387-92148,RT,I,,360,1159,32.9,34,240,252,91.2,1,1,0
350,10,10,1997,11:45,12:00,1387-92149,RT,I,,395,1239,26.7,33.2,231,243,90.3,0,2,0
351,10,10,1997,11:55,12:08,1397-92150,RT,I,,400,1216,28.5,32.1,227,239,84.4,0,2,0
352,10,10,1997,12:10,12:30,1423-16236,SS,A,F,170,177,12.3,14.4,155,165,54.6,3,2,0
353,10,13,1997,14:21,14:45,1705-24630,CH,I,F,268,469,20,24.9,227,232,75.3,1,1,0
354,10,14,1997,11:52,12:05,1387-92151,RT,I,,369,1039,26.9,29.5,223,245,87.4,1,2,0
355,10,14,1997,14:15,14:30,1387-92152,RT,I,,365,1079,25.2,30,228,239,86.2,0,0,0
356,10,16,1997,13:05,13:25,1387-92153,RT,A,,375,1159,33.8,32.7,242,252,91,1,0,0
357,10,17,1997,10:00, ,1423-16238,SS,I,M,230,162,12.3,13.8,149,153,52.5,0,0,0
358,10,17,1997,14:35,15:00,12044-5876,CH,A,M,213,339,23.5,13.8,184,181,71.2,0,1,0
359,10,20,1997,11:21,11:35,1387-92154,RT,A,,382,1403,34.9,34.7,247,259,92.5,0,1,1
360,10,20,1997,12:34,12:50,1423-16239,SS,I,M,168,175,12.9,14,158,167,55.9,2,2,0
361,10,20,1997,12:49,13:05,1387-92155,RT,A,,478,1473,39.2,44.7,267,272,,2,2,0.5
362,10,20,1997,13:05,13:20,1387-92157,RT,I,,469,1001,29.9,43.2,257,269,,1,0,0
363,10,21,1997,12:16,12:33,1423-16278,SS,I,M,172,98,8.7,10.9,148,148,53.4,1,0,0
364,10,21,1997,13:47,14:10,1387-92156,RT,I,,373,914,25.9,30.4,221,251,93.7,1,1,0.5
365,10,23,1997,12:10,12:36,1387-92158,RT,A,,386,1059,25.5,30.5,214,227,92.5,,1,0.5
366,10,23,1997,14:36,15:03,1207-72603,RT,I,,384,1147,29,35,229,236,91.9,,,
367,10,31,1997,11:00,11:47,1807-53127,RT,I,,351,949,26.8,29.7,213,216,,0,0,0
368,10,31,1997,11:50,12:14,872-09640,SS,I,M,168,102,9.6,11.9,138,136,50,2,1,0
369,11,1,1997,12:21,12:34,1807-53128,RT,I,,363,973,24.8,27.3,213,220,84.1,0,1,0.75
370,11,1,1997,14:22,14:34,1423-16240,SS,I,F,199,196,12.4,15.2,158,163,56.5,2,2,
371,11,3,1997,11:30,12:01,12044-5877,CH,I,M,235,327,16.5,20.3,193,196,69.2,1,1,0
372,11,3,1997,12:15, ,1387-92159,RT,A,,374,1064,26,32.1,201,210,85.2,1,1,0.5
373,11,3,1997,12:52, ,1807-53129,RT,I,,369,749,24,26.8,216,224,60.1,0,0,0
374,11,6,1997,11:22,11:41,1343-78476,SS,I,F,202,201,11.7,14.9,165,166,56.8,3,2,0
375,11,7,1997,11:26,11:46,1423-16241,SS,I,F,202,180,12.4,14.1,160,164,55.3,2,2,0
376,11,10,1997,12:30,12:49,1387-92160,RT,I,,374,1213,24.9,28,244,218,87.9,1,2,0
377,11,11,1997,11:10,11:35,1387-92161,RT,I,,389,1200,28.2,30.8,230,240,81.7,2,1,0
378,11,15,1997,12:54,13:08,1387-92162,RT,I,,379,1040,25.3,29.4,227,234,80.8,1,0,0
379,11,18,1997,11:25, ,872-09641,SS,I,M,170,113,10.6,11.1,139,141,54,0,1,0
380,9,20,1998,14:45, ,1387-92166,RT,I,,373,919,24.2,28.5,233,,,,,
381,9,21,1998,11:45, ,1207-72604,RT,I,,403,1487,26,32.5,240,,,,,
382,10,1,1998,10:42, ,1207-72606,RT,I,,400,1254,25.2,30,237,,,,,
383,10,8,1998,9:45, ,2003-58581,SS,A,F,205,156,10.8,14.1,144,,,,,
384,10,8,1998,10:45, ,1207-72607,RT,I,,405,1189,27.7,31.3,210,,,,,
385,10,8,1998,14:10, ,1387-92173,RT,I,,382,979,24.8,27.9,225,,,,,
386,10,9,1998,11:15, ,1142-19209,SS,A,M,165,96,10.7,11.4,125,,,,,
387,10,9,1998,12:10, ,1387-92174,RT,I,,407,1339,27.3,33.4,246,,,,,
388,10,9,1998,12:25, ,1387-92175,RT,I,,403,1199,28.8,31,225,,,,,
389,10,10,1998,11:00, ,1207-72608,RT,I,,406,1344,27.9,33.1,230,,,,,
390,10,10,1998,12:05, ,1387-92196,RT,I,,381,969,26.1,31.1,220,,,,,
391,10,12,1998,10:15, ,1387-92177,RT,I,,395,1039,26,29.7,230,,,,,
392,10,12,1998,11:45, ,1207-72609,RT,I,,410,1054,28.5,31.5,233,,,,,
393,10,12,1998,14:30, ,1204-45878,CH,A,F,243,334,17.5,19.2,196,,,,,
394,10,14,1998,13:30, ,1423-16242,SS,I,M,170,101,9.8,11,135,,,,,
395,10,15,1998,14:35, ,1343-78477,SS,A,F,210,181,12.2,15,170,,,,,
396,10,21,1998,10:40, ,1207-72610,RT,A,,425,1449,30.3,33,232,,,,,
397,10,22,1998,14:01, ,1387-92178,RT,I,,402,985,26.6,29.8,234,,,,,
398,10,26,1998,10:17, ,1387-92180,RT,A,,480,1598,34.2,35.4,239,,,,,
399,10,26,1998,12:15, ,1387-92181,RT,I,,412,992,30.1,31.5,230,,,,,
400,10,29,1998,10:25, ,1705-24634,CH,I,F,260,569,19.1,24,227,,,,,
401,11,2,1998,11:55, ,1207-72611,RT,A,,381,1354,28.2,32,213,,,,,
402,11,3,1998,14:53, ,1207-72612,RT,A,,392,969,25.9,29,207,,,,,
403,11,4,1998,10:35, ,9387-92182,RT,I,,382,1080,25.3,31,214,,,,,
404,11,4,1998,12:10, ,1343-78478,SS,A,F,196,185,12.5,14,146,,,,,
405,11,9,1998,1:31, ,1387-92183,RT,A,,391,1097,27.9,32.8,217,,,,,
406,11,11,1998,11:48, ,1207-72613,RT,A,,397,1439,28.8,31.4,216,,,,,
407,11,11,1998,12:52, ,1807-53130,RT,I,,361,,24.4,27.9,214,,,,,
408,11,11,1998,14:15, ,1387-92184,RT,I,,376,1019,25.8,29.5,216,,,,,
409,11,12,1998,14:00, ,1207-726114,RT,A,,410,1239,29.5,31.8,222,,,,,
410,11,18,1998,11:30, ,1207-72615,RT,I,,381,1399,27.6,31.3,288,,,,,
411,11,19,1998,13:07, ,1387-92185,RT,I,,396,1169,27.5,25.2,238,,,,,
412,11,20,1998,10:30, ,1387-92186,RT,I,,383,1164,27,29.9,199,,,,,
413,11,20,1998,11:52, ,1343-78479,SS,I,F,203,176,11.5,14.7,161,,,,,
414,9,5,1999,11:35, ,1387-92187,RT,I,,271,,27.4,33,235,236,,,2,0
415,9,7,1999,11:00, ,1205-24636,CH,I,F,255,429,19,22.9,208,216,,,,
416,9,10,1999,11:05, ,1423-16243,SS,I,F,196,160,12.3,14.7,137,136,,,4,1
417,9,13,1999,10:15, ,872-09646,SS,I,M,168,105,10.2,11,143,139,,,2,0
418,9,14,1999,15:30, ,1387-92188,RT,I,,392,890,24.1,29.2,219,200,,,0,1
419,9,16,1999,12:08, ,1142-19210,SS,I,M,163,100,9.7,11.6,128,115,,,2,1
420,9,18,1999,11:10, ,2003-99306,SS,I,F,205,,13.7,15,161,164,,,,
421,9,18,1999,12:08, ,1207-72616,RT,I,,395,1215,28.3,33,236,240,,,2,1
422,9,18,1999,15:08, ,1142-19211,SS,I,M,163,100,9.9,11.3,131,137,,,3,3
423,9,18,1999,15:45, ,1387-92189,RT,I,,370,1030,27.6,31.4,225,227,,,2,0
424,9,20,1999,10:17, ,1204-45867,CH,A,M,225,340,15.7,19.4,190,198,,,2,1
425,9,21,1999,12:12, ,1213-58901,SS,I,F,197,165,11.9,9.6,150,152,,,1,0
426,9,21,1999,13:00, ,1387-92190,RT,I,,376,985,26.4,30.3,223,219,,,1,0
427,9,22,1999,10:55, ,1387-92191,RT,I,,372,975,26.5,31.6,225,220,,,1,0.5
428,9,23,1999,11:11, ,1207-72617,RT,I,,391,1165,28.2,32.4,241,241,,,1,1
429,9,24,1999,12:30, ,1142-19212,SS,I,,165,95,9.7,11.2,136,138,,,1,1
430,9,24,1999,14:24, ,1387-92192,RT,I,,364,1044,23.5,29,210,222,,,1,1
431,9,25,1999,11:35, ,2003-99307,SS,A,F,202,180,12.9,15,160,158,,,3,0
432,9,25,1999,12:00, ,1142-19213,SS,I,M,163,125,9.7,10.9,135,131,,,2,1
433,9,25,1999,12:35, ,1387-92193,RT,I,M,381,1080,,32.3,223,216,,,,
434,9,25,1999,14:10, ,1387-92194,RT,I,,375,890,24.6,28,219,216,,,,
435,9,26,1999,12:55, ,1387-92195,RT,I,,392,1105,26.4,33.6,229,225,,,,
436,9,29,1999,13:08, ,1207-72618,RT,A,,398,1310,28.3,35.2,211,217,,,2,0
437,9,30,1999,9:20, ,1387-19197,RT,I,,371,895,26.8,31,204,206,,,1,0
438,9,30,1999,12:31, ,1387-19298,RT,A,,367,1060,26.8,31,204,206,,,3,1
439,9,30,1999,13:10, ,2003-99308,SS,A,F,193,165,13.2,14.6,146,156,,,1,0
440,10,2,1999,10:25, ,1387-19299,RT,A,,375,960,28.9,29.3,214,202,,,,
441,10,4,1999,13:21, ,1387-19220,RT,I,,408,1270,29.4,33,236,231,,,1,1
442,10,4,1999,15:10, ,22-06-35428,CH,A,F,252,540,20,28.8,185,211,,,1,1
443,10,5,1999,9:38, ,1204-45868,CH,A,M,237,365,17.3,19.9,195,191,,,3,
444,10,5,1999,10:43, ,1177-04601,RT,I,,399,1170,28.3,29.9,247,236,,,0,3
445,10,6,1999,9:45, ,1705-24637,CH,A,F,268,590,20,19.9,215,206,,,2,0.5
446,10,7,1999,12:40, ,1207-72619,RT,I,,388,1225,29,31.5,227,219,,,3,0
447,10,8,1999,13:39, ,2003-99309,SS,A,F,200,175,12.3,15.6,155,152,,,3,0.5
448,10,11,1999,11:13, ,2003-99310,SS,I,F,192,170,12.4,15.5,159,150,,,4,0.5
449,10,11,1999,13:11, ,1142-19214,SS,A,M,167,100,10,11.3,132,131,,,4,0.25
450,10,11,1999,15:00, ,1177-04699,RT,I,,370,1060,26.6,31.9,225,220,,,2,0
451,10,11,1999,15:00, ,1142-19215,SS,A,M,162,110,10,11.8,130,131,,,3,1
452,10,12,1999,11:05, ,1177-04602,RT,I,,363,850,25.5,30,220,216,,,0,0
453,10,12,1999,11:20, ,1177-04603,RT,I,,371,1145,25.5,10.3,215,214,,,2,1
454,10,13,1999,9:01, ,2003-99311,SS,A,F,199,165,12.5,15.7,161,155,,,4,1
455,10,14,1999,9:23, ,1177-04604,RT,I,,386,1090,26.1,28.2,226,225,,,2,0.5
456,10,14,1999,9:52, ,1207-72620,RT,I,,400,1345,32.6,33.9,227,233,,,3,0.25
457,10,14,1999,13:15, ,1177-04605,RT,I,,390,1050,26.6,29,236,232,,,1,1
458,10,14,1999,13:49, ,2003-99312,SS,A,F,199,200,12.5,14.9,169,156,,,3,1
459,10,14,1999,14:45, ,1705-24639,CH,A,F,254,505,19.6,24,212,209,,,3,0.25
460,10,15,1999,10:08, ,1177-14606,RT,A,,382,1040,27.1,30.8,210,203,,,1,0
461,10,15,1999,10:50, ,803-05929,SS,A,F,196,155,12.7,14.3,164,154,,,4,0
462,10,15,1999,11:29, ,1177-04607,RT,I,,354,965,26.2,28.5,226,222,,,2,0
463,10,15,1999,12:27, ,1177-04608,RT,I,,403,1105,28.9,33.2,242,236,,,1,0
464,10,15,1999,13:35, ,2003-99313,SS,I,F,194,155,12.6,13.7,153,149,,,0,4
465,10,15,1999,14:08, ,1177-04609,RT,I,,375,1045,27.2,30,221,214,,,2,1
466,10,15,1999,14:39, ,1807-53131,RT,I,,369,900,24.4,27.3,220,212,,,2,0
467,10,15,1999,15:33, ,1177-04610,RT,I,,368,1015,25.7,30.3,219,216,,,2,0
468,10,16,1999,13:05, ,1177-04611,RT,A,,393,1385,27.9,32.6,225,222,,,2,0
469,10,20,1999,11:28, ,1177-04612,RT,I,,370,1165,26,31.5,221,212,,,2,0.25
470,10,20,1999,13:07, ,1177-04613,RT,I,,378,905,28,32.3,215,216,,,0,0
471,10,21,1999,11:50, ,1177-04614,RT,I,,369,985,26,31.1,223,228,,,2,0
472,10,21,1999,13:56, ,1807-53132,RT,I,,364,800,25.5,28.6,219,211,,,2,0
473,10,22,1999,9:40, ,1177-06415,RT,I,,387,995,26.9,31.4,235,226,,,2,0
474,10,23,1999,10:40, ,1207-72621,RT,A,,410,1460,29.4,33.6,216,221,,,2,1
475,10,23,1999,11:39, ,2003-99314,SS,I,F,194,165,11.9,14.1,151,158,,,3,0
476,10,25,1999,14:00, ,1207-72622,RT,A,,410,1585,30.6,39.8,130,251,,,3,0
477,10,27,1999,11:48, ,803-05930,SS,A,F,194,185,13.1,15.5,154,163,,,1,0
478,10,27,1999,12:55, ,1177-04616,RT,I,,373,920,25,28.3,223,226,,,2,0
479,11,1,1999,12:55, ,1207-72623,RT,I,,390,1460,29.3,35.6,221,234,,,1,0.5
480,11,2,1999,10:00, ,1207-72624,RT,A,,404,1315,30,32.5,220,245,,,1,0
481,11,2,1999,11:35, ,1177-04617,RT,I,,375,1019,26,29.9,186,205,,,0,1
482,11,3,1999,10:27, ,1207-72625,RT,I,,395,1215,29.7,31.3,217,223,,,2,0
483,11,3,1999,14:30, ,1177-04618,RT,I,,379,1005,27.8,31.4,209,224,,,1,0
484,11,4,1999,12:15, ,1207-72626,RT,I,,382,1350,27.9,29.9,215,217,,,2,0
485,11,4,1999,14:00, ,1207-72627,RT,I,,404,1145,27.7,31.8,214,226,,,1,0
486,11,5,1999,10:48, ,2003-99315,SS,A,F,205,175,12.25,15.5,169,164,,,4,0
487,11,5,1999,14:10, ,1177-04619,RT,A,,377,1010,25.4,29,207,214,,,0,0.5
488,11,6,1999,11:54, ,2003-99316,SS,I,M,184,155,12,14.9,153,157,,,3,0
489,11,8,1999,12:25, ,1177-04620,RT,I,,390,1120,26.6,30,210,225,,,1,0.5
490,11,9,1999,10:25, ,1177-14621,RT,A,,404,280,28.2,31.55,224,226,,,3,0
491,11,10,1999,10:15, ,1177-04622,RT,I,,351,775,25.4,29.3,200,215,,,1,0
492,11,10,1999,12:45, ,1207-72628,RT,I,,394,1210,29.4,31.7,207,227,,,2,0
493,11,10,1999,1:15, ,1142-19227,SS,A,M,175,107,10,11.4,137,146,,,1,0
494,11,12,1999,13:50, ,1807-53133,RT,A,,372,909,24.4,25.4,212,216,,,2,0.25
495,11,13,1999,10:30, ,1142-19228,SS,I,M,169,95,10,11.85,132,144,,,2,0
496,11,13,1999,11:30, ,1177-04623,RT,I,,376,1145,25.1,31.55,226,234,,,2,0.75
497,11,13,1999,12:05, ,1177-04624,RT,I,,399,1150,27.2,29.55,232,243,,,2,0
498,11,17,1999,13:11, ,1207-72629,RT,I,,399,1560,30,33.85,228,232,,,3,1
499,11,19,1999,9:58, ,1177-04625,RT,I,,357,940,23.6,28.35,205,212,,,3,0
500,9,7,2000,10:30, ,2003-94317,SS,I,F,195,145,11.7,14.6,155,160,,,4,0
501,9,7,2000,13:25, ,1207-22630,RT,I,,400,1089,27.3,33.1,228,238,,,1,0.5
502,9,9,2000,9:29, ,1207-72631,RT,I,,382,1194,29.4,33.8,237,234,,,1,0
503,9,9,2000,9:38, ,1142-18229,SS,I,M,161,95,10.1,11.3,135,129,,,4,0
504,9,13,2000,9:35, ,1177-04626,RT,I,,390,1015,28,30.1,230,220,,,2,0
505,9,13,2000,10:35, ,1177-04627,RT,I,,379,975,24.1,29.1,219,227,,,2,0
506,9,13,2000,11:35, ,1177-04628,RT,I,,376,1035,26.8,30.5,223,234,,,2,5
507,9,13,2000,12:10, ,1177-04629,RT,A,,331,1055,27,30.4,210,223,,,2,1
508,9,13,2000,14:02, ,1177-04630,RT,I,,371,945,26.1,30.2,222,226,,,1,0
509,9,14,2000,11:34, ,1213-58902,SS,I,M,160,90,11,11.8,124,129,,,3,0.5
510,9,15,2000,14:12, ,1177-04631,RT,I,,361,785,25.2,28.7,201,211,,,1,0.5
511,9,16,2000,12:23, ,1705-37411,CH,A,F,268,56,19.3,26.1,206,223,,,3,0.25
512,9,18,2000,12:05, ,1207-72632,RT,I,,394,1220,30.3,34.5,234,234,,,1,0
513,9,18,2000,12:35, ,2003-99318,SS,A,F,191,175,13,15.3,149,154,,,4,0.5
514,9,18,2000,13:39, ,1207-77633,RT,A,,358,1025,27.4,29,204,201,,,1,1
515,9,18,2000,14:33, ,1177-04632,RT,I,,380,1000,26.9,29,204,217,,,3,1
516,9,21,2000,10:40, ,803-05931,SS,A,F,188,175,12.1,14.2,154,150,,,4,0
517,9,21,2000,11:35, ,1207-72634,RT,I,,397,1210,28.3,34,224,219,,,2,0.5
518,9,21,2000,12:58, ,803-05932,SS,A,F,196,180,13.1,13.9,150,160,,,4,1
519,9,21,2000,13:32, ,803-05933,SS,A,F,190,175,12.8,14.6,147,149,,,4,0.25
520,9,22,2000,13:34, ,1142-19230,SS,I,M,161,90,9.8,11.1,130,136,,,3,0.5
521,9,25,2000,9:50, ,1705-37412,CH,A,F,145,320,16.5,20.5,180,196,,,1,0.25
522,9,25,2000,12:06, ,1207-72635,RT,I,,392,1185,28.5,33,229,234,,,2,0
523,9,25,2000,12:20, ,803-05934,SS,I,F,190,,11.9,14.6,153,160,,,2,0.5
524,9,25,2000,13:18, ,1204-45869,CH,I,M,230,350,16.4,21.3,187,206,,,2,1
525,9,25,2000,14:52, ,1207-72636,RT,A,,406,,27,31.1,222,224,,,2,0.5
526,9,26,2000,10:35, ,1177-04633,RT,I,,363,950,24.6,30.3,214,219,,,2,0
527,9,26,2000,11:40, ,1142-19231,SS,I,M,162,85,10.1,11.4,132,137,,,2,0
528,9,26,2000,12:10, ,1177-04634,RT,I,,374,895,26.4,30.8,219,227,,,2,0
529,9,26,2000,12:40, ,1177-04635,RT,I,,412,1150,27.8,33.2,230,240,,,1,0.25
530,9,26,2000,13:23, ,2206-35431,CH,I,F,272,565,20.7,24,219,240,,,2,0
531,9,26,2000,14:25, ,1177-04636,RT,I,,388,950,26.5,32.2,230,235,,,2,0
532,9,27,2000,11:30, ,1177-04637,RT,I,,371,990,26.9,29.7,217,221,,,2,0
533,9,27,2000,12:20, ,1204-45870,CH,I,M,225,325,15.8,18.7,179,187,,,2,0.5
534,9,27,2000,13:00, ,1207-72637,RT,I,,391,1120,29,33.9,225,236,,,2,0.25
535,9,28,2000,14:30, ,1142-19232,SS,I,M,163,90,9.8,11.5,123,131,,,3,0.5
536,9,29,2000,10:25, ,1207-72638,RT,I,F,410,1120,28.5,33.6,229,237,,,2,0.5
537,9,29,2000,11:47, ,1177-04638,RT,I,,368,820,25.2,28.7,215,205,,,2,0
538,9,29,2000,13:00, ,1177-04639,RT,I,F,410,1200,26.7,29.4,247,255,,,2,0
539,9,29,2000,13:30, ,1207-74639,RT,A,F,425,1120,29.4,33.3,222,227,,,2,0
540,9,30,2000,13:30, ,1177-04640,RT,I,,368,1120,24.7,30.8,220,224,,,2,1
541,9,30,2000,15:01, ,1207-74640,RT,I,,392,1220,27.3,34.1,234,237,,,1,0
542,10,1,2000,14:00, ,1705-37413,SS,I,M,250,470,18.9,25.3,192,195,,,1,0
543,10,1,2000,14:50, ,1207-72641,RT,I,,418,1310,29.1,31.9,248,255,,,2,0.5
544,10,2,2000,13:20, ,1177-04641,RT,I,,370,920,26.8,29.7,221,223,,,3,0
545,10,3,2000,10:52, ,1142-19233,SS,A,M,170,100,10.9,12.2,132,136,,,2,0.5
546,10,3,2000,14:05, ,803-05935,SS,A,F,203,180,13.2,15.6,162,164,,,3,1
547,10,4,2000,10:40, ,1177-04642,RT,A,,370,955,26.5,30.5,218,223,,,2,0
548,10,4,2000,11:56, ,1207-72642,RT,A,,408,1225,28.8,32.7,225,225,,,2,0
549,10,6,2000,12:59, ,1207-72643,RT,A,,393,1400,27.9,35.3,215,221,,,3,0
550,10,7,2000,9:55, ,1177-04643,RT,I,,365,1025,24.6,30.1,225,224,,,1,0
551,10,7,2000,10:27, ,1207-72644,RT,I,,405,1140,28.2,31.9,244,249,,,1,0
552,10,7,2000,10:43, ,1207-72645,RT,I,,381,1080,26.1,31.6,232,233,,,0,0
553,10,7,2000,12:24, ,1177-04644,RT,I,,390,1135,27.6,31.1,238,239,,,2,0
554,10,7,2000,15:12, ,1207-72646,RT,I,,384,1430,29.8,35,231,235,,,1,0.25
555,10,8,2000,12:25, ,1177-04645,RT,I,,390,1050,25.6,29.9,218,221,,,1,0.25
556,10,8,2000,13:29, ,1177-04646,RT,I,,381,920,27,29.6,223,226,,,1,0.25
557,10,9,2000,10:10, ,803-05936,SS,A,F,194,175,12.4,14,152,152,,,4,1
558,10,9,2000,14:00, ,1807-82702,RT,I,,371,905,23.6,26.8,197,204,,,3,0.5
559,10,9,2000,14:26, ,1177-04647,RT,I,,356,915,26.4,28.9,195,204,,,2,0
560,10,9,2000,14:38, ,1177-04648,RT,I,,377,910,25,29,206,217,,,1,0
561,10,10,2000,13:57, ,1177-04649,RT,I,,362,950,25.4,29.7,213,215,,,2,0.5
562,10,11,2000,12:21, ,1142-19234,SS,A,M,165,105,10.1,11.8,127,132,,,4,1
563,10,12,2000,10:10, ,1142-19235,SS,A,M,155,100,9.3,11.8,122,130,,,4,0.5
564,10,12,2000,13:35, ,1207-72647,RT,I,,400,1225,27.3,34.2,222,233,,,2,0
565,10,13,2000,9:33, ,1142-19236,SS,A,M,161,105,10.4,12,124,138,,,2,0
566,10,13,2000,9:58, ,1207-72648,RT,I,,387,1090,27.9,32.4,227,227,,,2,0
567,10,13,2000,11:08, ,1207-72649,RT,I,,409,1350,30,32.7,235,245,,,2,0
568,10,13,2000,12:35, ,2003-99320,SS,A,F,195,200,13,13.4,158,172,,,3,1
569,10,13,2000,14:45, ,2003-99321,SS,A,F,196,200,13.5,15.4,150,156,,,4,0
570,10,14,2000,11:35, ,1142-19237,SS,A,M,169,100,10,11.7,133,135,,,3,1
571,10,14,2000,12:07, ,1177-04650,RT,I,,385,940,26.2,30.5,228,235,,,2,0
572,10,14,2000,13:07, ,1807-82703,RT,I,,377,920,24.7,29.3,219,225,,,2,0
573,10,14,2000,13:12, ,1177-04651,RT,I,,400,1190,29.4,33.3,231,237,,,2,0
574,10,15,2000,12:50, ,1142-19238,SS,I,M,164,90,9.4,10.7,127,132,,,3,0
575,10,16,2000,14:30, ,1142-19239,SS,A,M,165,95,10.4,11.4,127,130,,,3,0
576,10,17,2000,15:03, ,1177-04652,RT,I,,363,915,25,28.3,209,219,,,2,0
577,10,18,2000,12:14, ,2206-35432,CH,A,F,266,535,18.8,25.4,223,229,,,3,0
578,10,18,2000,14:28, ,1177-04653,RT,I,,403,1310,29.1,33.3,237,241,,,2,0
579,10,19,2000,12:14, ,1177-04654,RT,I,,375,950,26.9,30.1,210,211,,,2,0
580,10,19,2000,13:38, ,1142-09240,SS,A,M,166,120,10.1,11.7,133,137,,,2,1
581,10,20,2000,9:48, ,1177-04655,RT,I,,373,975,26.1,27.9,215,221,,,2,0
582,10,20,2000,11:46, ,1177-04656,RT,I,,373,990,27.9,31,217,219,,,2,0
583,10,20,2000,12:38, ,1142-09241,SS,A,M,170,110,11.4,121,135,143,,,1,1
584,10,20,2000,14:12, ,1177-04657,RT,A,,373,1270,26.5,29.6,207,210,,,2,0
585,10,20,2000,14:27, ,1807-82704,RT,I,,354,960,26,31,211,213,,,3,0.25
586,10,20,2000,14:45, ,1207-72650,RT,I,,394,1290,28.8,30.7,225,232,,,2,0
587,10,21,2000,9:22, ,1142-09242,SS,I,M,165,95,10.2,11.6,131,139,,,3,0
588,10,21,2000,13:57, ,1705-24640,CH,A,F,261,505,19.2,25.1,203,203,,,2,0
589,10,21,2000,14:12, ,1177-04658,RT,I,,377,1045,26.9,31.5,223,225,,,2,0
590,10,25,2000,12:51, ,1177-04659,RT,I,,364,1090,27.1,30.3,218,223,,,2,1
591,10,25,2000,13:45, ,1177-04660,RT,I,,385,1180,28.6,30,222,225,,,2,0
592,10,26,2000,9:21, ,1177-04661,RT,I,,390,1195,27.6,34.7,235,237,,,2,0
593,10,26,2000,10:53, ,1177-04662,RT,A,,383,1055,27.7,32.7,208,208,,,2,0
594,10,26,2000,12:53, ,1177-04663,RT,I,,365,1025,26.1,30.3,216,223,,,2,0
595,10,27,2000,10:49, ,803-05937,SS,I,F,201,175,12,14.8,157,163,,,3,0
596,10,27,2000,13:15, ,1177-04664,RT,I,,376,940,25.1,31.7,217,220,,,2,0
597,10,27,2000,14:49, ,1207-72651,RT,A,,402,1335,28.3,33.3,219,217,,,2,0.25
598,10,29,2000,9:45, ,1177-04665,RT,I,,394,1085,29.4,32.7,235,230,,,1,0.25
599,10,29,2000,13:36, ,1204-45871,CH,I,M,223,375,16.2,20.7,185,208,,,2,1
600,10,30,2000,11:20, ,1177-04666,RT,A,,378,1090,28,30.9,212,217,,,2,0.25
601,11,1,2000,12:08, ,1177-04667,RT,I,,369,995,26,28.2,211,225,,,2,0
602,11,1,2000,13:16, ,1177-04668,RT,A,,378,1090,28,30.7,201,209,,,1,0.5
603,11,2,2000,9:55, ,1177-04669,RT,A,,262,1020,28,31.2,200,207,,,2,0
604,11,2,2000,10:28, ,1142-19243,SS,I,M,165,100,10.6,12.1,137,150,,,4,1
605,11,2,2000,12:47, ,1177-04670,RT,A,,379,1000,28.6,32.2,217,224,,,1,0
606,11,3,2000,9:42, ,1177-04671,RT,I,,380,1085,27.4,33.3,223,225,,,1,0
607,11,4,2000,11:20, ,1177-04672,RT,A,,380,1045,24.9,27,199,206,,,2,0
608,11,4,2000,13:10, ,1177-04673,RT,I,,393,1060,27.7,32.4,217,225,,,1,0
609,11,4,2000,13:24, ,1207-72652,RT,A,,389,1135,27.1,32.1,207,210,,,2,0
610,11,8,2000,10:31, ,1207-72653,RT,I,,395,1210,28.5,28.5,222,223,,,3,0
611,11,12,2000,13:50, ,2003-99233,SS,I,F,207,185,13,14.3,163,172,,,2,1
612,11,14,2000,11:40, ,1807-82705,RT,I,,367,965,24.8,24.1,217,220,,,3,0
613,11,14,2000,11:57, ,1177-04674,RT,A,,368,905,26.8,27,200,204,,,0,0.5
614,11,18,2000,10:47, ,1177-04675,RT,I,,377,1125,25.3,29.5,220,226,,,2,0
615,11,20,2000,11:15, ,1177-04676,RT,I,,374,950,27.2,29.8,216,224,,,2,1
616,11,21,2000,12:03, ,1177-04677,RT,A,,385,1195,27.3,30.9,216,227,,,3,0
617,9,3,2001,13:30, ,1177-04698,RT,I,,363,1005,25,31.6,222,226,,,2,0
618,9,9,2001,11:51, ,1142-19244,SS,I,M,164,95,11.4,130,136,136,,,4,0
619,9,10,2001,9:39, ,2003-99323,SS,A,F,199,175,12.3,15,142,149,,,4,0
620,9,10,2001,14:05, ,1177-04678,RT,I,,378,995,26.2,30,213,222,,,2,0
621,9,12,2001,11:03, ,803-05938,SS,I,F,200,165,12.1,14.2,154,158,,,4,0.25
622,9,12,2001,11:35, ,1207-72654,RT,I,,405,1170,29.25,39.8,226,230,,,2,0
623,9,13,2001,10:20, ,2003-99324,SS,I,F,194,145,12,14.6,156,161,,,3,0
624,9,13,2001,11:00, ,2003-99325,SS,I,F,190,175,12.4,15.2,160,159,,,1,0.5
625,9,13,2001,13:03, ,2003-99326,SS,I,F,195,170,13.1,14.8,149,161,,,2,1
626,9,14,2001,10:35, ,1213-58903,SS,I,M,161,105,10.3,11.2,131,135,,,3,1
627,9,14,2001,13:05, ,1213-58904,SS,I,M,168,95,10,11.4,137,139,,,3,0.25
628,9,14,2001,13:55, ,1213-58905,SS,I,M,160,95,9.8,10.8,126,132,,,2,1
629,9,16,2001,14:00, ,1177-04679,RT,I,,392,1085,31.2,34.6,210,219,,,1,0
630,9,19,2001,10:11, ,2003-99327,SS,I,F,201,165,12.3,14.8,165,168,,,4,0
631,9,19,2001,11:55, ,1207-72655,RT,I,,395,1115,27.4,32.7,235,240,,,1,0
632,9,20,2001,12:50, ,1207-72656,RT,I,,390,1195,27.6,33,222,228,,,1,0.5
633,9,22,2001,9:45, ,1142-19245,SS,I,M,161,100,9.8,11.9,129,132,,,3,0
634,9,22,2001,10:45, ,1705-24641,CH,A,M,230,365,16.9,23.55,192,204,,,3,0.25
635,9,22,2001,14:57, ,2003-99328,SS,I,F,192,170,11.9,9.5,156,161,,,4,0.5
636,9,24,2001,12:50, ,1213-58906,SS,I,M,156,90,9.8,11.3,135,138,,,1,0
637,9,24,2001,14:20, ,1213-58907,SS,I,M,158,95,10.7,11.1,129,136,,,2,1
638,9,26,2001,10:15, ,1142-19246,SS,I,M,167,115,9.8,11.4,131,135,,,3,1
639,9,26,2001,12:20, ,804-00201,SS,I,F,199,155,11.9,14.5,160,165,,,4,0
640,9,27,2001,13:40, ,1705-24642,CH,I,F,320,229,17,21,195,199,,,2,0
641,9,30,2001,12:33, ,1207-72657,RT,A,,389,1165,29,33.1,223,226,,,2,0
642,10,2,2001,11:00, ,804-00202,CH,I,M,227,155,17.1,21,192,204,,,1,0.25
643,10,2,2001,13:15, ,804-00203,CH,A,M,230,340,16.1,20.2,198,202,,,2,0
644,10,3,2001,10:29, ,2003-99329,SS,A,F,199,180,12,15.5,152,159,,,4,0
645,10,5,2001,14:29, ,1177-04680,RT,I,,378,235,25.4,30.7,223,231,,,1,0.5
646,10,9,2001,13:25, ,1142-19247,SS,I,M,164,105,10.2,11.2,132,137,,,2,1
647,10,9,2001,14:58, ,1207-72658,RT,A,,385,1085,27.5,30.8,216,226,,,2,0.5
648,10,14,2001,9:36, ,1177-04681,RT,I,,369,970,26.1,30.4,207,212,,,2.5,0
649,10,14,2001,10:27, ,1177-04682,RT,I,,378,1030,28.5,31.9,218,223,,,2,0
650,10,14,2001,11:52, ,1177-04683,RT,I,,373,1015,25.5,29.6,215,335,,,2.5,0
651,10,14,2001,12:20, ,1177-04684,RT,A,,419,1030,29.2,31.5,224,229,,,2.5,0
652,10,14,2001,14:12, ,1177-04685,RT,I,,414,1215,26.4,29.2,242,232,,,2,0
653,10,15,2001,13:20, ,2003-99330,SS,A,F,203,185,13.5,14.2,157,170,,,2.5,0
654,10,17,2001,9:50, ,1142-19248,SS,A,M,162,95,10.2,11,119,121,,,3,0.25
655,10,17,2001,10:36, ,1142-19249,SS,I,M,165,95,10,11,130,138,,,3,0
656,10,17,2001,10:58, ,1142-19250,SS,A,M,161,95,9.7,11,124,134,,,4,0.5
657,10,17,2001,11:35, ,1142-19251,SS,I,M,161,110,10.1,11.8,130,137,,,2,0.75
658,10,17,2001,12:59, ,1177-04686,RT,I,,404,1170,28.4,32.8,237,240,,,1,0
659,10,17,2001,13:48, ,1142-19252,SS,I,M,165,105,10.4,11.2,140,139,,,3,0.25
660,10,17,2001,14:03, ,2003-99331,SS,A,F,199,175,12.8,14.5,159,160,,,3,0
661,10,18,2001,9:24, ,1142-19253,SS,I,M,171,95,10.9,11.7,138,145,,,3,0
662,10,18,2001,9:58, ,2003-99332,SS,A,F,213,190,13.7,15.2,159,269,,,4,0
663,10,18,2001,10:11, ,1142-19254,SS,A,M,169,105,10.2,11.8,136,142,,,3,1
664,10,18,2001,10:35, ,1207-72659,RT,I,,379,1435,27.4,32.7,221,221,,,3,0
665,10,18,2001,12:00, ,1207-72660 ,RT,I,,407,1235,30.1,35.8,243,246,,,2,0
666,10,18,2001,12:42, ,1177-04689,RT,I,,376,1055,29.5,32.2,222,220,,,3,0
667,10,18,2001,13:56, ,1177-04688,RT,I,,380,1105,22,30.8,208,212,,,2,0.5
668,10,18,2001,14:29, ,1142-19255,SS,A,M,172,120,9.8,11.8,132,141,,,2,1
669,10,18,2001,15:30, ,1207-72661,RT,I,,408,1390,28.4,32.7,245,243,,,1,0.75
670,10,19,2001,11:53, ,1142-19256,SS,A,M,167,105,10.3,10.8,131,138,,,2,0
671,10,19,2001,12:42, ,1177-04690,RT,A,,374,1080,26.5,31.3,206,214,,,3,0
672,10,21,2001,12:48, ,1177-04691,RT,I,,376,910,26.1,32.2,220,224,,,2,0
673,10,23,2001,10:55, ,1705-24643,CH,I,F,258,490,18,24.2,214,214,,,2,0
674,10,23,2001,12:24, ,1807-66307,RT,I,,370,845,25,27.4,217,220,,,2,0
675,10,23,2001,12:55, ,2003-99333,SS,A,F,202,175,13.3,14.9,162,171,,,3.5,0
676,10,25,2001,10:29, ,1807-66308,RT,I,,363,865,25.6,27.3,210,211,,,3,0
677,10,25,2001,11:04, ,2003-99334,SS,A,F,200,180,11.9,13.5,163,173,,,3,0
678,10,25,2001,11:50, ,1177-04692,RT,I,,372,2030,26.2,30.2,196,204,,,3,0
679,10,25,2001,12:55, ,1807-66309,RT,A,,378,960,24.6,30,206,214,,,3,0
680,10,26,2001,12:20, ,1750-24644,CH,A,F,254,515,19.5,23.8,218,221,,,3,0
681,10,26,2001,13:00, ,1177-04694,RT,I,,361,970,26.3,30.7,218,219,,,2,0
682,10,28,2001,10:46, ,1177-04695,RT,A,,389,1265,26.6,30.6,210,217,,,3,0.25
683,10,28,2001,11:37, ,1207-72662,RT,A,,404,1300,29.4,32.8,224,229,,,4,0
684,10,31,2001,13:30, ,2003-99335,SS,I,F,195,170,12.9,14.7,154,162,,,2,1
685,11,1,2001,11:45, ,2003-99336,SS,I,F,203,191,13.5,15.5,161,166,,,3,0
686,11,1,2001,13:45, ,1705-24645,CH,A,F,253,540,19.1,22.6,209,214,,,3,0
687,11,2,2001,9:41, ,2003-99337,SS,I,F,199,185,12,14.9,157,162,,,4,0
688,11,3,2001,13:58, ,2003-99338,SS,I,F,194,165,11.9,14.4,158,160,,,4,0.25
689,11,3,2001,14:23, ,2003-99339,SS,A,F,196,205,12.2,14,156,159,,,3,1
690,11,5,2001,14:40, ,1142-19257,SS,I,M,168,95,10.4,12.1,133,142,,,3,0
691,11,6,2001,13:05, ,1177-04696,RT,A,,395,1170,25.8,30.5,218,225,,,3,0.25
692,11,7,2001,11:15, ,1177-04697,RT,I,,368,1075,27.7,31.7,213,222,,,3,0
693,11,7,2001,13:15, ,803-05939,SS,I,F,210,200,12.1,15.3,165,174,,,4,0
694,11,9,2001,9:40, ,1177-04700,RT,I,,401,965,25.8,29.1,235,241,,,2,0
695,11,9,2001,10:40, ,1807-53134,RT,I,,355,785,22.7,25,206,212,,,2,0.75
696,11,10,2001,10:27, ,1177-04701,RT,A,,377,1095,25.6,31.7,206,210,,,3,0
697,11,11,2001,9:44, ,2003-99340,SS,I,F,197,160,12,14.7,153,162,,,4,0
698,11,14,2001,10:04, ,1142-19258,SS,I,M,171,95,9.1,11.5,135,142,,,3,0
699,11,19,2001,9:48, ,1177-04702,RT,A,,277,1500,29.7,32.1,207,217,,,4,0
700,11,19,2001,14:05, ,1207-72663,RT,A,,435,1595,27.4,34.5,230,233,,,3,0.25
701,9,4,2002,10:00, ,1177-04703,RT,I,,372,985,25.4,31,224,227,,,3,0
702,9,5,2002,12:45, ,1705-24648,CH,A,F,260,565,20,24.2,216,215,,,2,0
703,9,8,2002,12:20, ,1177-04704,RT,I,,390,240,25.2,29.3,218,215,,,2,0.25
704,9,8,2002,12:44, ,1177-04705,RT,I,,359,875,26,31.1,215,220,,,2,0
705,9,10,2002,12:39, ,1177-04706,RT,I,,393,1225,29,33.4,226,224,,,2,0
706,9,12,2002,10:13, ,1207-72664,RT,I,,402,1255,30.6,34.6,242,243,,,3,0.25
707,9,12,2002,11:51, ,1177-04707,RT,I,,362,950,26.8,30.7,212,219,,,2,0
708,9,13,2002,12:55, ,1705-14646,CH,I,M,227,330,16,18.5,193,205,,,3,0.25
709,9,16,2002,13:14, ,1807-53135,RT,A,,359,895,27.5,30.1,201,219,,,2,0.25
710,9,17,2002,11:20, ,1142-19259,SS,I,M,155,100,9.8,12,129,133,,,3,0
711,9,18,2002,12:08, ,1705-24647,CH,I,F,261,455,17.1,26.8,216,220,,,2,0
712,9,19,2002,9:30, ,1142-19260,SS,I,M,160,90,10.3,11.5,132,132,,,3,0
713,9,19,2002,12:01, ,1142-19261,SS,I,M,166,105,11.3,11.4,131,139,,,2,1
714,9,21,2002,13:38, ,1207-72665,RT,I,,362,1305,28.2,34.3,234,235,,,2,1
715,9,22,2002,10:50, ,1177-04708,RT,I,,375,975,27.2,31.8,220,226,,,2,0
716,9,22,2002,11:57, ,1177-04709,RT,I,,388,1185,28.9,34.3,225,226,,,3,0
717,9,22,2002,13:47, ,1177-04710,RT,I,,392,1030,26.1,30.5,214,215,,,2,0
718,9,22,2002,14:29, ,1207-72666,RT,I,,412,1215,28.7,34.1,230,237,,,2,0
719,9,23,2002,13:15, ,1177-04711,RT,I,,371,1075,26.9,32.8,220,220,,,2,0
720,9,23,2002,14:23, ,1705-24649,CH,A,F,255,960,19.7,42.8,200,213,,,3,0.75
721,9,24,2002,12:50, ,1807-53136,RT,I,,391,795,24.3,27.6,209,210,,,3,0
722,9,24,2002,13:26, ,2003-99341,SS,I,F,190,180,12.2,14.2,156,161,,,4,0.5
723,9,25,2002,12:36, ,1177-04712,RT,I,,385,1225,27.8,32,225,228,,,3,0
724,9,25,2002,14:05, ,1142-19262,SS,I,M,166,110,10,11.9,139,141,,,3,1
725,9,26,2002,10:49, ,2003-99342,SS,A,F,197,165,12.2,14.9,159,159,,,4,0
726,9,29,2002,10:10, ,1177-04713,RT,I,,370,920,26.3,32,226,230,,,2,0
727,9,29,2002,10:50, ,2003-99345,SS,I,F,190,170,12,15,154,160,,,4,1
728,9,29,2002,12:52, ,1207-72667,RT,I,,400,1315,29.6,34,230,238,,,2,1
729,9,29,2002,13:06, ,1142-19263,SS,I,M,162,100,9.4,11.1,131,137,,,3,1
730,9,30,2002,11:26, ,2003-00344,SS,I,F,194,155,12.5,14.5,156,160,,,4,0
731,9,30,2002,11:45, ,1207-72668,RT,I,,395,1155,29.9,34.4,233,230,,,2,0
732,9,30,2002,12:46, ,1207-72669,RT,I,,403,1160,29,32.3,235,236,,,3,0.25
733,10,3,2002,9:58, ,1177-04714,RT,I,,386,955,27.9,30.4,226,239,,,3,0
734,10,4,2002,9:53, ,803-05940,SS,A,F,193,190,13.1,14.9,145,146,,,4,0
735,10,4,2002,15:15, ,2003-99346,SS,A,F,203,180,13.8,14.7,156,166,,,2,0
736,10,5,2002,8:34, ,1142-19264,SS,A,M,159,90,10,11.5,130,134,,,3,0
737,10,5,2002,9:59, ,1142-19265,SS,I,M,163,100,9.8,11.7,130,129,,,3,0.25
738,10,5,2002,10:34, ,2003-99348,SS,A,M,191,190,12.4,14.8,147,155,,,3,1
739,10,5,2002,13:08, ,1142-19266,SS,I,M,166,105,10.3,12,141,142,,,3,0
740,10,5,2002,13:30, ,1177-04715,RT,I,,361,1030,27,30.5,231,233,,,2,0
741,10,5,2002,14:27, ,1705-37416,CH,A,F,260,565,19.7,54.5,205,212,,,2,0
742,10,6,2002,9:48, ,804-00205,CH,A,M,234,380,12.4,21.9,192,195,,,3,0
743,10,6,2002,10:43, ,1177-04716,RT,I,,377,1040,28.1,30.9,225,231,,,2,0
744,10,6,2002,12:03, ,1807-53137,RT,I,,361,910,24.3,27.5,205,210,,,3,0
745,10,6,2002,12:34, ,1177-04717,RT,I,,375,1005,26,32.5,226,234,,,2,0
746,10,6,2002,14:56, ,2003-99349,SS,I,F,193,180,11.9,14.3,156,163,,,4,0
747,10,7,2002,9:40, ,803-05941,SS,I,F,196,175,12.4,15.6,153,159,,,4,0
748,10,7,2002,13:25, ,1142-19267,SS,I,M,159,105,9.8,11,131,137,,,4,0.25
749,10,7,2002,13:25, ,1213-58908,SS,I,F,192,190,11.8,14.2,155,162,,,3,1
750,10,7,2002,13:29, ,1207-72670,RT,I,,401,1250,28.2,35.3,230,235,,,2.5,0
751,10,8,2002,14:40, ,2003-99350,SS,I,F,198,185,12.6,15.2,165,169,,,3,0.25
752,10,10,2002,11:36, ,1177-04718,RT,I,,407,1275,27.5,33.7,238,245,,,2,0
753,10,10,2002,12:46, ,1142-19268,SS,I,M,162,105,9.8,12.5,132,138,,,2.5,1
754,10,11,2002,11:23, ,2206-35435,CH,A,F,169,640,16.7,23.6,233,230,,,2.5,1
755,10,11,2002,14:50, ,1142-19269,SS,I,M,168,100,10.5,10.7,135,140,,,1,0.25
756,10,13,2002,9:38, ,1142-19270,SS,A,M,168,105,10.7,11.6,134,136,,,3,0
757,10,13,2002,10:00, ,804-00206,CH,A,M,223,390,15.9,20.6,181,187,,,2.5,1
758,10,13,2002,10:42, ,1177-04719,RT,I,,375,1030,26.9,31.3,217,226,,,2,0
759,10,13,2002,11:33, ,1177-04720,RT,A,,406,1290,29.3,33.3,227,226,,,2,0
760,10,14,2002,9:50, ,1177-04721,RT,I,,386,1020,26.9,31.6,230,231,,,2,0
761,10,14,2002,10:14, ,1142-19271,SS,A,M,160,105,9.9,11.4,136,140,,,4,0
762,10,14,2002,12:59, ,1177-04722,RT,I,,378,1055,26.5,29.9,217,226,,,3,0
763,10,14,2002,14:16, ,803-05942,SS,A,F,193,185,12.3,14.8,154,158,,,3,0.33
764,10,17,2002,9:46, ,1177-04723,RT,I,,379,1010,25,29.3,216,230,,,2,0
765,10,18,2002,10:00, ,1177-04724,RT,I,,364,1015,24.9,29.5,215,219,,,2,0.5
766,10,18,2002,12:50, ,1177-04725,RT,A,,350,1115,29.5,30.3,199,204,,,2,0.33
767,10,18,2002,13:10, ,1207-7267,RT,I,,380,1320,26.7,31.6,210,216,,,3,0
768,10,19,2002,10:34, ,1207-72672,RT,A,,395,1180,30.3,33.4,217,222,,,3,0
769,10,19,2002,11:22, ,1177-04726,RT,I,,372,1145,25.9,32.2,212,225,,,3.5,0.4
770,10,19,2002,13:22, ,1177-04727,RT,I,,376,995,28,30.2,223,228,,,2,0
771,10,20,2002,13:24, ,1177-04728,RT,I,,367,1045,26.1,30.5,215,221,,,2,0.25
772,10,21,2002,11:05, ,1204-5874,CH,I,M,230,340,16,19.5,196,198,,,3,0
773,10,21,2002,13:55, ,1807-53138,RT,I,,366,935,25.7,27.1,218,222,,,3,0.33
774,10,23,2002,12:56, ,1177-04729,RT,I,,386,1065,26.1,31,221,229,,,2,0.25
775,10,26,2002,12:45, ,1177-04730,RT,I,,375,1110,27.7,31.3,215,217,,,3,0
776,10,30,2002,10:30, ,2003-99351,SS,I,F,199,190,12,15.2,163,173,,,4,0
777,10,30,2002,12:40, ,1177-04731,RT,A,,405,1255,27.9,31.8,218,225,,,3,0
778,10,31,2002,10:18, ,1177-04732,RT,A,,371,1015,24.9,28.4,204,208,,,2,0
779,10,31,2002,12:00, ,2003-99352,SS,I,F,193,190,12.2,15.2,151,156,,,3,0
780,10,31,2002,12:15, ,1177-04733,RT,I,,350,960,26.6,29.9,218,224,,,2,0
781,10,31,2002,13:20, ,2003-99353,SS,I,F,193,200,11.3,13.5,155,161,,,4,0
782,11,1,2002,10:50, ,1177-04734,RT,A,,368,1090,27.3,30.4,216,220,,,2,0
783,11,2,2002,10:34, ,2003-99354,SS,I,M,185,170,12,14.7,156,160,,,4,0
784,11,2,2002,10:48, ,1177-04735,RT,I,,372,1085,25.4,29.8,220,220,,,2,0
785,11,2,2002,11:00, ,1177-04736,RT,I,,396,1065,27.7,30,230,235,,,3,0
786,11,2,2002,11:18, ,1177-04737,RT,I,,365,1125,26.9,29.3,213,220,,,3.5,0
787,11,3,2002,11:36, ,1177-04738,RT,I,,374,1050,25.5,30.3,220,225,,,2,0
788,11,4,2002,9:33, ,1705-24644,CH,I,F,253,525,19.5,23.5,213,216,,,3,0
789,11,6,2002,12:06, ,1177-04739,RT,I,,372,980,26.4,29,215,215,,,1.5,0
790,11,6,2002,14:06, ,1177-04740,RT,I,,376,1180,24.4,30.7,214,218,,,2,0
791,11,7,2002,10:20, ,1142-19272,SS,I,M,166,115,9.9,11.6,136,140,,,2.5,1
792,11,7,2002,11:58, ,1177-04741,RT,I,,369,1095,26.6,28.4,215,220,,,2,0
793,11,7,2002,12:28, ,1207-72673,RT,A,,391,1330,26.8,30.1,217,220,,,2,0
794,11,7,2002,12:59, ,2003-99355,SS,I,F,193,185,12.1,14.9,158,166,,,4,0
795,11,8,2002,11:45, ,1177-0472,RT,A,,397,1100,22.1,28.8,219,215,,,2,0
796,11,8,2002,14:29, ,1177-0473,RT,I,,366,1115,27.1,21,215,219,,,2,0.75
797,11,10,2002,11:35, ,1207-72674,RT,A,,385,1400,30.3,33.3,211,220,,,3,0
798,11,10,2002,12:35, ,1177-0744,RT,I,,400,1175,27.6,32.6,234,235,,,2,0
799,11,11,2002,11:48, ,2003-99356,SS,I,F,198,185,11.8,15.1,161,170,,,4,0
800,9,5,2003,10:38, ,1177-0745,RT,A,,365,970,25.9,31.6,208,215,,,3,0
801,9,14,2003,10:18, ,2003-99357,SS,I,F,194,170,11.6,14,153,159,,,4,1
802,9,16,2003,10:15, ,803-05943,SS,I,F,195,175,12,15.6,152,159,,,3,0.25
803,9,16,2003,10:57, ,2003-99358,SS,I,F,200,165,11.5,14.5,163,168,,,3,0
804,9,16,2003,12:55, ,1207-72675,RT,I,,384,1260,28.6,32.5,226,226,,,2.5,0
805,9,17,2003,9:40, ,1142-19273,SS,I,M,159,110,9.9,11.1,125,126,,,3,1
806,9,18,2003,10:17, ,1142-19274,SS,I,M,161,100,9.3,11.5,134,138,,,2,0.25
807,9,18,2003,10:17, ,2003-99359,SS,I,F,191,190,12.3,14.8,162,168,,,3,1
808,9,18,2003,11:55, ,1204-45879,CH,I,M,216,305,16,20.4,185,191,,,2,0
809,9,18,2003,13:50, ,1705-37417,CH,I,F,256,510,18.8,23.3,212,217,,,2.5,0.125
810,9,19,2003,10:59, ,1142-19275,SS,I,M,161,90,9.5,11.3,123,132,,,3,0
811,9,20,2003,12:04, ,1207-99560,RT,A,,396,1195,27,23.8,228,225,,,2,0
812,9,20,2003,13:35, ,1177-04746,RT,I,,391,1035,27.9,33.1,221,226,,,2,0
813,9,20,2003,14:12, ,1142-19276,SS,I,M,160,90,8.8,11.4,131,135,,,2.5,0
814,9,21,2003,9:52, ,2003-99360,SS,I,M,183,160,12.7,14.6,143,146,,,4,0
815,9,22,2003,14:21, ,1142-19277,SS,I,M,156,85,9.7,11,129,313,,,3,0
816,9,23,2003,10:44, ,1207-72676,RT,I,,393,1155,28.3,30.9,223,230,,,2,0
817,9,23,2003,11:16, ,1207-72677,RT,I,,397,1260,27.8,32.9,232,231,,,3,0
818,9,23,2003,13:13, ,1142-19278,SS,I,M,159,95,8.9,10.4,125,130,,,3,0.25
819,9,23,2003,14:00, ,1705-37418,CH,I,F,255,440,18.6,22.8,214,220,,,2,0
820,9,24,2003,9:35, ,2003-99362,SS,I,M,197,175,10,14.9,150,162,,,3,0
821,9,24,2003,9:53, ,1204-45880,CH,I,M,218,295,16.1,19.4,183,187,,,2.5,0
822,9,25,2003,9:49, ,2003-99363,SS,I,F,196,160,12.6,14.5,158,166,,,4,0
823,9,25,2003,13:08, ,1177-04747,RT,I,,384,1010,26.8,31.1,230,235,,,2,0.5
824,9,25,2003,13:30, ,1177-04748,RT,I,,385,990,26,29.6,225,229,,,3,0
825,9,26,2003,10:19, ,2003-99364,SS,I,M,181,150,11.4,14.3,141,150,,,3,0
826,9,26,2003,11:27, ,1204-45881,CH,I,M,225,300,16,20.1,183,192,,,2,0
827,9,17,2003,9:18, ,1177-04749,RT,I,,379,945,24.5,31.3,224,231,,,2.5,0
828,9,27,2003,10:10, ,2003-99365,SS,I,F,201,188,11.7,14.9,162,168,,,4,0
829,9,28,2003,9:36, ,1142-19279,SS,I,M,161,95,10.6,11.5,131,138,,,1,0
830,9,28,2003,10:11, ,1705-37419,CH,A,M,230,330,15.7,19.4,188,196,,,1,0
831,9,28,2003,12:12, ,1142-19280,SS,I,M,159,95,9.9,11.2,132,134,,,1,0
832,9,29,2003,11:20, ,1177-04750,RT,I,,367,970,26.4,30.5,215,215,,,3,0
833,9,29,2003,12:02, ,1207-72678,RT,I,,396,1240,28.9,32.8,237,245,,,3,0
834,9,29,2003,12:58, ,1142-19281,SS,I,M,157,105,10,11.5,133,137,,,3,1
835,9,29,2003,13:51, ,2003-99366,SS,I,F,191,165,11.5,14.9,156,159,,,4,0
836,9,29,2003,14:47, ,2003-99367,SS,I,F,191,170,12.1,15.1,163,163,,,4,0
837,9,29,2003,15:15, ,1142-19282,SS,I,M,168,100,10.2,11.9,134,137,,,3,0
838,9,29,2003,15:55, ,1207-72679,RT,I,,428,1290,28.4,33.9,253,256,,,2,0
839,9,30,2003,12:05, ,1705-37420,CH,A,F,252,470,19.5,28.4,211,213,,,3,0
840,9,30,2003,12:53, ,2003-99368,SS,A,F,192,175,11.7,14.2,160,167,,,3,1
841,9,30,2003,13:22, ,2003-99369,SS,A,F,195,195,13.6,14,158,163,,,4,1
842,10,1,2003,10:07, ,1204-45882,CH,A,M,233,335,16.3,21.3,187,194,,,3,0
843,10,1,2003,11:53, ,1177-04751,RT,A,,364,1150,26.1,28.2,196,202,,,2,0
844,10,1,2003,13:40, ,1177-04752,RT,I,,370,960,25.4,30.4,217,224,,,2,0
845,10,1,2003,14:30, ,1207-72680,RT,I,,400,1130,28.3,29.4,227,230,,,2,0
846,10,3,2003,9:18, ,1177-04753,RT,I,,375,925,25.4,28.6,220,226,,,1,0
847,10,3,2003,14:43, ,1207-72681,RT,I,,398,1205,27.6,33.4,227,235,,,2,0
848,10,4,2003,11:04, ,1177-04754,RT,I,,385,1040,27.2,31.5,238,245,,,2,0
849,10,4,2003,11:58, ,1142-19283,SS,I,M,156,100,9.9,11.2,122,130,,,4,0.25
850,10,4,2003,12:46, ,1204-45883,CH,I,M,230,335,16.3,19.7,201,210,,,2.5,0.5
851,10,5,2003,10:58, ,1204-45884,CH,I,M,220,335,16.2,20,185,190,,,2,0
852,10,6,2003,14:12, ,1142-19284,SS,I,M,163,105,10.3,11.7,137,140,,,3,0
853,10,7,2003,10:46, ,1807-53139,RT,I,,376,860,25.6,30,220,227,,,2,0
854,10,7,2003,11:17, ,1177-04755,RT,I,,360,935,25.8,30,212,221,,,3,0
855,10,7,2003,11:42, ,1177-04756,RT,A,,372,1010,24.3,29,197,203,,,1,0
856,10,7,2003,11:58, ,1207-72682,RT,I,,400,1285,29.7,33.5,230,237,,,2,0
857,10,7,2003,12:10, ,2003-99370,SS,A,F,194,210,13,14.5,147,150,,,4,1
858,10,7,2003,12:49, ,1807-53140,RT,I,,370,830,23.6,27.8,233,231,,,2,0
859,10,8,2003,10:31, ,1142-19285,SS,I,M,160,95,10.2,11.2,135,142,,,3,0
860,10,8,2003,11:08, ,1207-72683,RT,I,,403,1350,28,32.8,140,245,,,2,0
861,10,8,2003,12:28, ,1177-04757,RT,I,,375,1010,25,30.8,218,222,,,2,1
862,10,8,2003,14:48, ,1177-04758,RT,I,,373,960,27.7,32.5,222,225,,,2,0
863,10,10,2003,11:43, ,1177-04759,RT,I,,385,1370,26.4,29.2,233,235,,,3,0
864,10,12,2003,10:10, ,2003-99371,SS,I,F,143,170,12.8,13.9,159,,,,3,0.5
865,10,12,2003,11:30, ,1142-19286,SS,I,M,162,100,8.7,11.4,136,143,,,4,0
866,10,12,2003,12:10, ,1207-72684,RT,I,,392,1250,28.6,32.9,222,229,,,2,0.25
867,10,12,2003,13:15, ,1807-53141,RT,I,,372,915,24.7,28.2,203,,,,3,0.5
868,10,13,2003,12:00, ,1177-04760,RT,I,,375,850,25,28,218,226,,,2,0
869,10,13,2003, , ,1207-72685,RT,I,,415,1285,29.4,34,242,242,,,2,0.25
870,10,14,2003,10:53, ,1142-19287,SS,A,M,161,95,9.8,11.7,129,136,,,4,0
871,10,14,2003,12:24, ,1177-04761,RT,A,,380,1005,27,31.6,205,214,,,2,0
872,10,18,2003,12:45, ,788-36611,RT,A,,411,1220,28.1,32.7,236,245,,,2,0
873,10,21,2003,9:08, ,1142-19288,SS,A,M,161,95,9.6,12.4,121,128,,,2.5,0
874,10,21,2003,10:19, ,1142-19289,SS,I,M,165,100,9.8,12,134,140,,,3,0
875,10,21,2003,11:35, ,1207-72686,RT,I,,393,1265,28.3,32.7,233,236,,,2,0
876,10,21,2003,13:02, ,1177-04762,RT,I,,370,1020,24.6,30,211,215,,,2,0
877,10,22,2003,12:19, ,1204-45885,CH,A,M,230,360,16,22.1,186,190,,,3,0
878,10,25,2003,11:07, ,1177-04763,RT,I,,365,895,24.5,28.9,217,221,,,1,0
879,10,25,2003,11:53, ,1177-04764,RT,I,,371,1160,25.7,28.4,218,224,,,3,0
880,10,25,2003,12:47, ,1207-72687,RT,I,,400,1585,29,33.8,241,248,,,4,0.25
881,10,25,2003,12:55, ,1177-04765,RT,A,,382,1140,24.9,31.6,218,222,,,2,0
882,10,25,2003,13:27, ,1807-53142,RT,A,,371,1115,25.3,29.2,208,214,,,3,0.25
883,10,25,2003,13:40, ,1177-04766,RT,A,,370,1145,25.4,30.2,212,215,,,2,0
884,10,26,2003,11:35, ,2003-99372,SS,A,F,194,185,12.8,14.8,152,161,,,2,0.25
885,10,26,2003,12:15, ,1177-04767,RT,A,,347,990,25.3,29.8,203,206,,,1,0
886,10,30,2003,10:40, ,1177-04768,RT,I,,363,945,24.5,,218,229,,,2,0
887,10,30,2003,13:13, ,1213-58909,SS,I,F,195,165,11.7,14.5,153,163,,,3,0
888,10,30,2003,13:35, ,1177-04769,RT,A,,392,1030,26.3,28.1,196,201,,,2,0.5
889,10,31,2003,11:20, ,1204-45886,CH,I,M,220,320,15.5,19.5,184,187,,,2,0.25
890,11,6,2003,10:06, ,2003-99373,SS,I,F,193,105,13,15.6,156,163,,,4,0
891,11,6,2003,13:02, ,1177-04770,RT,I,,365,990,26.4,30,217,226,,,2,0
892,11,7,2003,12:30, ,1177-04771,RT,A,,387,1065,28,32.7,212,218,,,2,0.25
893,11,7,2003,13:45, ,1177-04772,RT,I,,400,1050,26.1,29.7,237,246,,,3,0.25
894,11,8,2003,13:01, ,1801-53143,RT,I,,362,840,23.2,26.1,206,216,,,2,0
895,11,9,2003,12:00, ,803-05944,SS,I,F,198,190,12.2,15.8,158,165,,,3,0
896,11,9,2003,13:31, ,2003-99374,SS,I,F,190,200,12.7,15,157,164,,,3,0.25
897,11,11,2003,10:15, ,2003-99375,SS,I,F,197,185,12.8,15.6,157,166,,,4,0
898,11,13,2003,14:00, ,1177-04773,RT,A,,370,1000,26.9,31.4,201,206,,,2,0
899,11,14,2003,13:35, ,1213-58910,SS,I,F,200,185,12.8,15.2,158,166,,,4,1
900,11,17,2003,10:19, ,1177-04774,RT,A,,360,1325,26.2,30.6,224,230,,,4,0.75
901,11,18,2003,13:29, ,1177-04775,RT,A,,366,945,25.3,27.2,199,205,,,2,0
902,11,18,2003,13:45, ,1177-04776,RT,A,,402,1350,28.7,31,219,214,,,3,0
903,11,18,2003,14:07, ,1207-53144,RT,I,,366,805,23.5,25.7,217,222,,,1.5,0.25
904,11,18,2003,14:44, ,1177-04777,RT,I,,380,1525,26,27.6,224,227,,,3,0
905,11,19,2003,10:18, ,803-05985,SS,I,F,190,175,12.7,15.4,150,153,,,4,0
906,11,19,2003,12:02, ,1807-53145,RT,I,,360,790,21.9,27.6,211,215,,,2,0
907,11,20,2003,9:56, ,1177-04778,RT,I,,369,860,25.2,28,207,210,,,2,0
908,11,20,2003,13:30, ,1207-53145,RT,A,,199,1290,28.7,32.1,222,226,,,1,0
