"","x"
"1",22262
"2",21756
"3",22247
"4",22759
"5",22549
"6",22313
"7",22128
"8",21860
"9",21751
"10",21336
"11",21363
"12",22176
"13",24649
"14",27466
"15",31020
"16",33529
"17",35428
"18",36034
"19",36834
"20",37296
"21",37338
"22",37608
"23",37692
"24",37944
"25",37880
"26",37493
"27",37065
"28",36855
"29",36871
"30",36837
"31",36603
"32",36982
"33",37369
"34",37650
"35",37413
"36",36475
"37",35486
"38",34452
"39",33704
"40",32883
"41",31940
"42",32215
"43",32572
"44",32850
"45",32251
"46",30895
"47",28460
"48",26572
"49",25093
"50",24320
"51",24684
"52",25338
"53",24943
"54",24637
"55",24424
"56",24163
"57",23943
"58",23324
"59",23412
"60",24065
"61",26035
"62",28632
"63",32023
"64",34315
"65",35927
"66",36367
"67",37087
"68",37184
"69",37009
"70",37212
"71",37531
"72",37890
"73",37982
"74",37540
"75",37160
"76",36920
"77",37060
"78",36930
"79",36640
"80",36910
"81",37220
"82",37530
"83",37320
"84",36331
"85",35206
"86",34203
"87",33273
"88",32376
"89",31838
"90",31211
"91",31505
"92",31838
"93",32185
"94",30881
"95",28800
"96",26833
"97",25095
"98",24437
"99",24697
"100",25259
"101",25029
"102",24806
"103",24437
"104",24279
"105",23902
"106",23418
"107",23424
"108",24094
"109",26039
"110",28636
"111",32034
"112",34235
"113",35694
"114",35978
"115",36475
"116",36675
"117",36720
"118",36842
"119",36890
"120",36917
"121",36854
"122",36525
"123",36431
"124",36212
"125",36061
"126",35931
"127",35835
"128",36148
"129",36523
"130",36859
"131",36731
"132",35804
"133",34721
"134",34035
"135",33234
"136",32532
"137",31474
"138",31957
"139",32500
"140",32586
"141",31917
"142",30636
"143",28705
"144",26707
"145",25092
"146",24412
"147",24714
"148",25079
"149",24904
"150",24380
"151",24009
"152",23913
"153",23657
"154",23262
"155",23283
"156",23870
"157",26001
"158",28448
"159",31876
"160",34363
"161",35819
"162",36295
"163",36949
"164",37095
"165",37086
"166",37520
"167",37540
"168",37671
"169",37695
"170",37314
"171",37113
"172",36796
"173",36705
"174",36634
"175",36357
"176",36664
"177",37020
"178",37152
"179",36836
"180",36008
"181",34981
"182",34265
"183",33385
"184",32477
"185",31966
"186",31402
"187",31703
"188",32192
"189",32322
"190",30972
"191",28910
"192",26992
"193",25324
"194",24684
"195",24893
"196",25092
"197",24751
"198",24238
"199",23906
"200",23755
"201",23625
"202",23027
"203",23097
"204",23692
"205",25936
"206",28501
"207",31838
"208",34308
"209",36305
"210",36743
"211",37705
"212",37980
"213",38084
"214",38379
"215",38526
"216",38429
"217",38344
"218",37785
"219",37495
"220",37190
"221",37010
"222",36641
"223",36296
"224",36309
"225",36532
"226",36662
"227",36229
"228",35321
"229",34409
"230",33425
"231",32708
"232",31460
"233",30955
"234",30274
"235",30302
"236",30427
"237",30154
"238",29311
"239",27699
"240",26213
"241",24756
"242",23847
"243",23917
"244",23989
"245",23555
"246",23026
"247",22668
"248",22451
"249",21969
"250",21212
"251",20978
"252",21155
"253",22370
"254",23537
"255",25210
"256",26961
"257",28770
"258",29915
"259",30895
"260",31273
"261",31390
"262",31287
"263",31163
"264",30811
"265",30310
"266",29767
"267",29016
"268",28374
"269",28064
"270",27599
"271",27338
"272",27156
"273",27355
"274",27860
"275",28315
"276",28396
"277",27932
"278",27776
"279",27520
"280",27026
"281",26649
"282",26343
"283",26487
"284",27219
"285",27384
"286",26680
"287",25658
"288",24258
"289",22864
"290",21998
"291",22165
"292",22308
"293",21863
"294",21439
"295",21067
"296",20781
"297",20389
"298",19663
"299",19305
"300",19410
"301",20079
"302",20701
"303",21639
"304",22722
"305",24046
"306",25150
"307",26285
"308",27420
"309",28438
"310",28770
"311",29309
"312",29586
"313",29721
"314",29598
"315",28776
"316",28008
"317",27487
"318",27272
"319",27091
"320",27156
"321",27190
"322",27461
"323",27722
"324",27583
"325",27575
"326",27512
"327",27603
"328",27155
"329",27250
"330",27200
"331",27798
"332",28487
"333",28691
"334",27260
"335",25371
"336",23689
"337",22454
"338",21818
"339",22002
"340",22516
"341",22292
"342",21935
"343",21683
"344",21656
"345",21481
"346",21140
"347",21308
"348",22138
"349",24699
"350",27366
"351",30973
"352",33497
"353",35192
"354",35624
"355",36444
"356",36903
"357",36944
"358",37223
"359",37345
"360",37710
"361",37641
"362",37391
"363",37116
"364",37017
"365",37024
"366",36882
"367",36605
"368",36861
"369",37241
"370",37550
"371",37215
"372",36203
"373",35035
"374",34112
"375",33482
"376",32349
"377",31186
"378",30920
"379",30270
"380",31869
"381",31651
"382",30821
"383",28528
"384",26675
"385",25129
"386",24425
"387",24538
"388",24577
"389",24215
"390",24012
"391",23723
"392",23546
"393",23379
"394",22857
"395",22939
"396",23464
"397",25734
"398",28240
"399",31600
"400",34011
"401",35567
"402",35946
"403",36733
"404",36963
"405",37009
"406",37100
"407",37265
"408",37478
"409",37462
"410",37040
"411",36778
"412",36679
"413",36570
"414",36509
"415",36433
"416",36730
"417",37125
"418",37359
"419",36995
"420",36149
"421",34845
"422",33986
"423",33353
"424",32595
"425",31833
"426",31382
"427",31264
"428",31805
"429",32067
"430",30723
"431",28736
"432",26800
"433",25296
"434",24612
"435",24614
"436",24699
"437",24358
"438",23930
"439",23690
"440",23720
"441",23472
"442",23233
"443",23376
"444",23913
"445",26027
"446",28641
"447",32093
"448",34598
"449",36118
"450",36505
"451",37295
"452",37562
"453",37546
"454",37734
"455",38071
"456",38204
"457",38233
"458",37710
"459",37459
"460",37224
"461",37208
"462",36962
"463",36837
"464",37151
"465",37602
"466",38055
"467",37780
"468",36832
"469",35861
"470",35202
"471",34347
"472",33562
"473",32860
"474",32606
"475",32578
"476",32552
"477",32256
"478",30893
"479",28956
"480",26926
"481",25339
"482",24677
"483",24774
"484",24932
"485",24615
"486",24244
"487",23962
"488",23970
"489",23624
"490",23113
"491",23221
"492",23940
"493",26205
"494",28582
"495",32017
"496",34569
"497",36166
"498",36510
"499",37250
"500",37372
"501",37318
"502",37333
"503",37611
"504",37736
"505",37756
"506",37275
"507",37010
"508",36926
"509",36837
"510",36726
"511",36449
"512",36734
"513",37067
"514",37174
"515",36824
"516",35980
"517",34953
"518",34235
"519",33350
"520",32664
"521",31923
"522",31603
"523",31736
"524",32134
"525",31993
"526",30956
"527",28861
"528",27012
"529",25267
"530",24560
"531",24415
"532",24490
"533",24057
"534",23680
"535",23440
"536",23432
"537",23184
"538",22774
"539",22930
"540",23579
"541",25821
"542",28193
"543",31647
"544",34117
"545",35590
"546",36167
"547",36741
"548",36768
"549",36783
"550",36991
"551",37115
"552",37224
"553",37439
"554",36822
"555",36375
"556",36126
"557",35805
"558",35478
"559",35161
"560",35123
"561",35226
"562",35435
"563",35062
"564",34357
"565",33239
"566",32583
"567",31586
"568",30604
"569",30091
"570",29610
"571",29462
"572",29893
"573",30100
"574",29071
"575",27660
"576",26242
"577",24618
"578",23740
"579",23600
"580",23350
"581",22870
"582",22390
"583",22082
"584",21823
"585",21548
"586",20867
"587",20671
"588",20948
"589",22106
"590",23295
"591",25222
"592",27075
"593",28876
"594",30152
"595",31325
"596",31720
"597",31770
"598",31694
"599",31507
"600",31267
"601",30679
"602",30227
"603",29601
"604",29002
"605",28670
"606",28308
"607",28101
"608",28074
"609",28364
"610",28772
"611",29191
"612",29118
"613",28661
"614",28005
"615",27536
"616",26823
"617",25958
"618",25897
"619",25390
"620",26690
"621",27855
"622",27276
"623",26136
"624",24839
"625",23579
"626",22570
"627",22269
"628",21878
"629",21405
"630",21024
"631",20766
"632",20541
"633",20232
"634",19485
"635",19279
"636",19342
"637",19895
"638",20744
"639",21849
"640",23073
"641",24670
"642",25975
"643",27186
"644",27996
"645",28736
"646",28957
"647",29271
"648",29490
"649",29371
"650",29068
"651",28394
"652",27685
"653",27330
"654",27130
"655",26901
"656",26873
"657",26930
"658",27084
"659",27216
"660",27139
"661",27040
"662",26990
"663",27063
"664",27059
"665",26716
"666",26960
"667",27133
"668",27954
"669",28947
"670",28247
"671",26477
"672",24635
"673",23168
"674",22498
"675",22272
"676",22291
"677",22054
"678",21737
"679",21774
"680",21654
"681",21462
"682",21173
"683",21521
"684",22334
"685",24897
"686",27609
"687",31136
"688",33625
"689",35517
"690",36628
"691",37545
"692",37995
"693",38086
"694",38389
"695",38715
"696",38777
"697",38699
"698",38307
"699",37894
"700",37832
"701",37717
"702",37563
"703",37294
"704",37604
"705",37640
"706",37584
"707",37196
"708",36090
"709",35053
"710",34283
"711",33378
"712",32754
"713",31904
"714",31817
"715",31795
"716",32467
"717",32401
"718",31574
"719",29600
"720",27540
"721",25752
"722",25196
"723",24938
"724",24740
"725",24465
"726",24187
"727",23923
"728",23837
"729",23611
"730",23198
"731",23350
"732",23994
"733",26223
"734",28568
"735",31749
"736",34325
"737",35968
"738",36745
"739",37427
"740",37718
"741",37880
"742",38206
"743",38488
"744",38657
"745",38762
"746",38230
"747",37990
"748",37673
"749",37673
"750",37530
"751",37455
"752",37622
"753",37993
"754",38264
"755",37712
"756",36707
"757",35667
"758",34737
"759",33728
"760",32967
"761",31725
"762",31408
"763",30991
"764",31696
"765",32234
"766",30990
"767",28949
"768",26904
"769",25308
"770",24764
"771",24417
"772",24377
"773",23924
"774",23583
"775",23373
"776",23398
"777",23322
"778",23038
"779",22992
"780",23673
"781",25741
"782",28276
"783",31602
"784",34031
"785",35538
"786",36017
"787",36993
"788",37420
"789",37409
"790",37412
"791",37547
"792",37664
"793",37564
"794",37271
"795",36915
"796",36791
"797",36625
"798",36357
"799",36265
"800",36582
"801",37072
"802",37238
"803",36884
"804",35890
"805",34723
"806",33724
"807",32888
"808",32110
"809",31263
"810",30907
"811",30953
"812",31413
"813",31264
"814",30239
"815",28562
"816",26606
"817",24808
"818",24126
"819",23858
"820",23809
"821",23535
"822",23123
"823",23025
"824",22977
"825",22759
"826",22478
"827",22584
"828",23160
"829",25369
"830",27933
"831",31222
"832",33533
"833",35135
"834",35717
"835",36555
"836",36843
"837",36885
"838",37138
"839",37311
"840",37550
"841",37619
"842",37199
"843",36951
"844",36844
"845",36785
"846",36624
"847",36350
"848",36614
"849",37167
"850",37388
"851",36880
"852",36185
"853",35197
"854",34300
"855",33586
"856",32645
"857",32269
"858",31671
"859",31998
"860",31890
"861",31643
"862",30227
"863",28309
"864",26457
"865",24818
"866",23982
"867",23887
"868",23898
"869",23618
"870",23263
"871",22987
"872",22990
"873",22764
"874",22399
"875",22589
"876",23219
"877",25275
"878",27918
"879",31219
"880",33642
"881",35220
"882",35757
"883",36569
"884",36876
"885",36928
"886",37087
"887",37191
"888",37439
"889",37385
"890",36914
"891",36253
"892",35983
"893",35707
"894",35269
"895",34879
"896",34885
"897",35075
"898",35346
"899",35131
"900",34313
"901",33544
"902",32824
"903",32102
"904",31035
"905",30421
"906",30052
"907",30107
"908",30249
"909",30060
"910",28893
"911",27258
"912",25692
"913",24039
"914",23381
"915",23128
"916",23016
"917",22516
"918",22196
"919",21834
"920",21720
"921",21384
"922",20703
"923",20462
"924",20707
"925",21880
"926",23026
"927",24656
"928",26407
"929",28200
"930",29479
"931",30652
"932",31175
"933",31370
"934",31497
"935",31436
"936",31377
"937",30833
"938",30254
"939",29571
"940",28827
"941",28635
"942",28406
"943",28136
"944",28065
"945",28262
"946",28945
"947",29254
"948",29355
"949",29091
"950",28699
"951",28218
"952",27876
"953",27371
"954",26955
"955",26786
"956",27440
"957",27474
"958",26648
"959",25523
"960",24304
"961",22914
"962",22095
"963",21902
"964",21947
"965",21516
"966",21077
"967",20723
"968",20501
"969",20234
"970",19590
"971",19194
"972",19374
"973",19962
"974",20551
"975",21558
"976",22652
"977",23820
"978",25012
"979",26294
"980",27372
"981",28278
"982",28957
"983",29437
"984",29743
"985",30032
"986",29798
"987",28856
"988",28128
"989",27602
"990",27416
"991",27185
"992",26997
"993",27165
"994",27555
"995",27727
"996",27887
"997",27803
"998",27657
"999",27749
"1000",27593
"1001",27626
"1002",27495
"1003",27509
"1004",27996
"1005",28413
"1006",27306
"1007",25514
"1008",23667
"1009",22428
"1010",21687
"1011",21865
"1012",21984
"1013",21701
"1014",21514
"1015",21395
"1016",21224
"1017",21188
"1018",20759
"1019",20948
"1020",21826
"1021",24283
"1022",26965
"1023",30507
"1024",33060
"1025",34783
"1026",35322
"1027",36130
"1028",36494
"1029",36593
"1030",36826
"1031",36985
"1032",37098
"1033",37200
"1034",36654
"1035",36464
"1036",36257
"1037",36157
"1038",36098
"1039",35959
"1040",36207
"1041",36559
"1042",36790
"1043",36577
"1044",35727
"1045",34602
"1046",33578
"1047",32714
"1048",31926
"1049",31142
"1050",30833
"1051",31109
"1052",31310
"1053",31236
"1054",30184
"1055",28147
"1056",26299
"1057",24702
"1058",23875
"1059",23785
"1060",23876
"1061",23658
"1062",23346
"1063",23059
"1064",23039
"1065",22859
"1066",22414
"1067",22518
"1068",23241
"1069",25541
"1070",28017
"1071",31278
"1072",33530
"1073",35240
"1074",35783
"1075",36372
"1076",36610
"1077",36651
"1078",36835
"1079",37248
"1080",37128
"1081",37230
"1082",36841
"1083",36529
"1084",36500
"1085",36445
"1086",36348
"1087",36152
"1088",36282
"1089",36853
"1090",37137
"1091",36844
"1092",35875
"1093",34589
"1094",33987
"1095",32959
"1096",32015
"1097",31847
"1098",31404
"1099",31501
"1100",31824
"1101",31759
"1102",30395
"1103",28511
"1104",26709
"1105",24940
"1106",24165
"1107",24078
"1108",24101
"1109",23755
"1110",23378
"1111",23122
"1112",23155
"1113",22902
"1114",22598
"1115",22661
"1116",23335
"1117",25540
"1118",28023
"1119",31383
"1120",33907
"1121",35592
"1122",36022
"1123",36643
"1124",36976
"1125",36985
"1126",37123
"1127",37144
"1128",37385
"1129",37334
"1130",36914
"1131",36630
"1132",36433
"1133",36461
"1134",36246
"1135",36131
"1136",36534
"1137",37099
"1138",37346
"1139",37098
"1140",36145
"1141",34997
"1142",34342
"1143",33431
"1144",33088
"1145",32201
"1146",32185
"1147",31966
"1148",32214
"1149",31736
"1150",30325
"1151",28319
"1152",26480
"1153",24966
"1154",24194
"1155",24143
"1156",24020
"1157",23750
"1158",23398
"1159",23179
"1160",23197
"1161",23163
"1162",22808
"1163",22887
"1164",23495
"1165",25600
"1166",28064
"1167",31494
"1168",33985
"1169",35754
"1170",35972
"1171",36855
"1172",37135
"1173",37159
"1174",37282
"1175",37347
"1176",37408
"1177",37444
"1178",37066
"1179",36874
"1180",36696
"1181",36707
"1182",36456
"1183",36362
"1184",36506
"1185",36831
"1186",37268
"1187",36851
"1188",36027
"1189",34950
"1190",34149
"1191",33515
"1192",32938
"1193",32777
"1194",32443
"1195",32620
"1196",32453
"1197",31486
"1198",30006
"1199",28139
"1200",26396
"1201",24714
"1202",24047
"1203",24050
"1204",24083
"1205",23671
"1206",23354
"1207",22935
"1208",23009
"1209",23004
"1210",22721
"1211",22911
"1212",23404
"1213",25429
"1214",27965
"1215",31283
"1216",33772
"1217",35443
"1218",35929
"1219",36898
"1220",37272
"1221",37270
"1222",37363
"1223",37445
"1224",37550
"1225",37543
"1226",36995
"1227",36620
"1228",36032
"1229",35843
"1230",35606
"1231",35131
"1232",35079
"1233",35341
"1234",35546
"1235",35305
"1236",34459
"1237",33526
"1238",32835
"1239",32000
"1240",31136
"1241",30696
"1242",30054
"1243",29993
"1244",30178
"1245",29786
"1246",28757
"1247",27433
"1248",25781
"1249",24272
"1250",23520
"1251",23361
"1252",23268
"1253",22677
"1254",22324
"1255",21853
"1256",21854
"1257",21574
"1258",21078
"1259",20827
"1260",21003
"1261",22034
"1262",23208
"1263",24792
"1264",26592
"1265",28313
"1266",29687
"1267",30737
"1268",31531
"1269",31785
"1270",31805
"1271",31710
"1272",31593
"1273",31228
"1274",30907
"1275",30011
"1276",29356
"1277",28974
"1278",28618
"1279",28268
"1280",28292
"1281",28518
"1282",29006
"1283",29463
"1284",29508
"1285",29035
"1286",28476
"1287",28005
"1288",27658
"1289",26955
"1290",26327
"1291",26569
"1292",27221
"1293",27427
"1294",26845
"1295",25780
"1296",24384
"1297",23084
"1298",22221
"1299",22108
"1300",21854
"1301",21401
"1302",21023
"1303",20711
"1304",20569
"1305",20217
"1306",19687
"1307",19391
"1308",19433
"1309",20108
"1310",20674
"1311",21676
"1312",22689
"1313",24104
"1314",25283
"1315",26606
"1316",27556
"1317",28707
"1318",29415
"1319",29983
"1320",30335
"1321",30650
"1322",30474
"1323",29654
"1324",28741
"1325",28299
"1326",27957
"1327",28013
"1328",27779
"1329",27966
"1330",28383
"1331",28508
"1332",28442
"1333",28272
"1334",28345
"1335",28120
"1336",27929
"1337",27848
"1338",27868
"1339",28378
"1340",29042
"1341",28948
"1342",27699
"1343",25889
"1344",24053
"1345",22627
"1346",21979
"1347",22025
"1348",22158
"1349",21906
"1350",21615
"1351",21366
"1352",21327
"1353",21257
"1354",21032
"1355",21261
"1356",22085
"1357",24437
"1358",27187
"1359",30833
"1360",33448
"1361",35245
"1362",35900
"1363",36798
"1364",37251
"1365",37335
"1366",37677
"1367",37887
"1368",38066
"1369",38091
"1370",37784
"1371",37622
"1372",37408
"1373",37354
"1374",37172
"1375",36995
"1376",37311
"1377",37693
"1378",37887
"1379",37446
"1380",36451
"1381",35267
"1382",34434
"1383",33733
"1384",32812
"1385",32061
"1386",32089
"1387",32345
"1388",32564
"1389",32096
"1390",30702
"1391",28412
"1392",26445
"1393",24933
"1394",24205
"1395",24262
"1396",24154
"1397",23786
"1398",23431
"1399",23268
"1400",23290
"1401",23166
"1402",22943
"1403",23042
"1404",23492
"1405",25723
"1406",28273
"1407",31617
"1408",34140
"1409",35901
"1410",36473
"1411",37122
"1412",37559
"1413",37703
"1414",37933
"1415",38059
"1416",38274
"1417",38303
"1418",37876
"1419",37688
"1420",37414
"1421",37312
"1422",37234
"1423",37086
"1424",37421
"1425",37923
"1426",38363
"1427",38127
"1428",37433
"1429",36363
"1430",35617
"1431",34829
"1432",34036
"1433",33520
"1434",33163
"1435",33322
"1436",32823
"1437",32221
"1438",30611
"1439",28724
"1440",26678
"1441",25050
"1442",24246
"1443",24305
"1444",24317
"1445",24019
"1446",23684
"1447",23449
"1448",23430
"1449",23282
"1450",23111
"1451",23102
"1452",23612
"1453",25812
"1454",28246
"1455",31571
"1456",33923
"1457",35446
"1458",35973
"1459",36833
"1460",37164
"1461",37342
"1462",37642
"1463",37713
"1464",37898
"1465",37963
"1466",37603
"1467",37290
"1468",36955
"1469",36956
"1470",36815
"1471",36637
"1472",37003
"1473",37526
"1474",37775
"1475",37630
"1476",36722
"1477",35559
"1478",34742
"1479",34002
"1480",33230
"1481",32809
"1482",32446
"1483",32614
"1484",32715
"1485",32150
"1486",30568
"1487",28613
"1488",26727
"1489",25157
"1490",24403
"1491",24354
"1492",24156
"1493",23846
"1494",23539
"1495",23256
"1496",23233
"1497",23253
"1498",22932
"1499",22969
"1500",23574
"1501",25737
"1502",28306
"1503",31552
"1504",34093
"1505",35828
"1506",36337
"1507",37142
"1508",37407
"1509",37471
"1510",37632
"1511",37920
"1512",38095
"1513",38118
"1514",37735
"1515",37411
"1516",37205
"1517",37064
"1518",36870
"1519",36749
"1520",37029
"1521",37542
"1522",37684
"1523",37470
"1524",36532
"1525",35290
"1526",34597
"1527",33819
"1528",33104
"1529",32718
"1530",32512
"1531",32693
"1532",32784
"1533",32151
"1534",30654
"1535",28721
"1536",26754
"1537",25228
"1538",24439
"1539",24440
"1540",24284
"1541",23918
"1542",23582
"1543",23295
"1544",23219
"1545",23124
"1546",22838
"1547",22834
"1548",23420
"1549",25594
"1550",27965
"1551",31460
"1552",33905
"1553",35501
"1554",36128
"1555",36898
"1556",37056
"1557",37165
"1558",37294
"1559",37516
"1560",37537
"1561",37478
"1562",36905
"1563",36316
"1564",36081
"1565",35478
"1566",35101
"1567",34944
"1568",34929
"1569",35327
"1570",35498
"1571",35065
"1572",34315
"1573",33258
"1574",32375
"1575",31716
"1576",30629
"1577",29779
"1578",29340
"1579",29324
"1580",29776
"1581",29963
"1582",29024
"1583",27300
"1584",25726
"1585",24204
"1586",23325
"1587",23000
"1588",23044
"1589",22515
"1590",22123
"1591",21767
"1592",21659
"1593",21418
"1594",21029
"1595",20726
"1596",20909
"1597",21885
"1598",23052
"1599",24710
"1600",26360
"1601",28141
"1602",29612
"1603",30662
"1604",31096
"1605",31292
"1606",31464
"1607",31393
"1608",31269
"1609",30742
"1610",30282
"1611",29564
"1612",29052
"1613",28800
"1614",28266
"1615",28042
"1616",27744
"1617",28022
"1618",28777
"1619",29265
"1620",29112
"1621",29024
"1622",28670
"1623",28278
"1624",27954
"1625",27769
"1626",27266
"1627",27354
"1628",27792
"1629",27328
"1630",26650
"1631",25350
"1632",24166
"1633",22823
"1634",21928
"1635",21880
"1636",21835
"1637",21337
"1638",20910
"1639",20662
"1640",20406
"1641",20262
"1642",19830
"1643",19438
"1644",19419
"1645",20138
"1646",20625
"1647",21517
"1648",22611
"1649",24061
"1650",25219
"1651",26549
"1652",27609
"1653",28951
"1654",29592
"1655",30153
"1656",30634
"1657",31033
"1658",30704
"1659",29870
"1660",29244
"1661",28944
"1662",28578
"1663",28295
"1664",28170
"1665",28448
"1666",28772
"1667",28856
"1668",28824
"1669",28702
"1670",28426
"1671",28269
"1672",28094
"1673",28196
"1674",27913
"1675",28361
"1676",29118
"1677",29093
"1678",27596
"1679",25651
"1680",23892
"1681",22387
"1682",21817
"1683",22012
"1684",22081
"1685",21839
"1686",21599
"1687",21460
"1688",21442
"1689",21353
"1690",21143
"1691",21307
"1692",22058
"1693",24474
"1694",27218
"1695",30787
"1696",33457
"1697",35273
"1698",36011
"1699",36866
"1700",37346
"1701",37510
"1702",37825
"1703",38248
"1704",38518
"1705",38621
"1706",38270
"1707",37907
"1708",37766
"1709",37646
"1710",37477
"1711",37261
"1712",37766
"1713",38302
"1714",38496
"1715",38279
"1716",37451
"1717",36435
"1718",35601
"1719",34543
"1720",33925
"1721",33161
"1722",32709
"1723",32881
"1724",32719
"1725",32030
"1726",30569
"1727",28389
"1728",26384
"1729",24822
"1730",24126
"1731",24296
"1732",24461
"1733",24172
"1734",23917
"1735",23664
"1736",23528
"1737",23498
"1738",23108
"1739",23044
"1740",23585
"1741",25750
"1742",28353
"1743",31634
"1744",34080
"1745",35646
"1746",36079
"1747",36758
"1748",36958
"1749",37169
"1750",37410
"1751",37601
"1752",37773
"1753",37672
"1754",37245
"1755",36995
"1756",36519
"1757",36533
"1758",36464
"1759",36274
"1760",36577
"1761",37042
"1762",37242
"1763",36996
"1764",36020
"1765",34759
"1766",33932
"1767",33001
"1768",32254
"1769",31581
"1770",31270
"1771",31776
"1772",32287
"1773",32117
"1774",30604
"1775",28597
"1776",26528
"1777",24897
"1778",24117
"1779",24330
"1780",24524
"1781",24179
"1782",23915
"1783",23877
"1784",23725
"1785",23499
"1786",23077
"1787",22919
"1788",23596
"1789",25786
"1790",28277
"1791",31689
"1792",33984
"1793",35449
"1794",35832
"1795",36526
"1796",36882
"1797",36959
"1798",37105
"1799",37355
"1800",37510
"1801",37519
"1802",37159
"1803",36810
"1804",36474
"1805",36565
"1806",36459
"1807",36267
"1808",36585
"1809",37062
"1810",37301
"1811",37110
"1812",36312
"1813",35274
"1814",34483
"1815",33804
"1816",33187
"1817",32918
"1818",32800
"1819",32820
"1820",32686
"1821",31877
"1822",30754
"1823",28729
"1824",26781
"1825",25257
"1826",24292
"1827",24519
"1828",24610
"1829",24207
"1830",23882
"1831",23748
"1832",23692
"1833",23602
"1834",23299
"1835",23493
"1836",23934
"1837",26095
"1838",28615
"1839",32005
"1840",34393
"1841",35901
"1842",36370
"1843",37303
"1844",37585
"1845",37565
"1846",37943
"1847",37990
"1848",38062
"1849",38124
"1850",37692
"1851",37429
"1852",37067
"1853",37005
"1854",36949
"1855",36646
"1856",37019
"1857",37402
"1858",37476
"1859",37062
"1860",36292
"1861",35247
"1862",34449
"1863",33822
"1864",32999
"1865",32569
"1866",32485
"1867",32879
"1868",32866
"1869",32106
"1870",30590
"1871",28500
"1872",26640
"1873",25050
"1874",24352
"1875",24382
"1876",24432
"1877",24041
"1878",23871
"1879",23754
"1880",23547
"1881",23380
"1882",23043
"1883",23089
"1884",23586
"1885",25660
"1886",28125
"1887",31541
"1888",33932
"1889",35554
"1890",36040
"1891",36630
"1892",36857
"1893",36971
"1894",37020
"1895",37181
"1896",37304
"1897",37487
"1898",36880
"1899",36159
"1900",35654
"1901",35564
"1902",35302
"1903",34901
"1904",34910
"1905",35229
"1906",35529
"1907",35253
"1908",34636
"1909",33774
"1910",33031
"1911",32090
"1912",31084
"1913",30377
"1914",29800
"1915",29891
"1916",30297
"1917",30087
"1918",29109
"1919",27248
"1920",25675
"1921",24173
"1922",23461
"1923",23473
"1924",23536
"1925",22979
"1926",22600
"1927",22224
"1928",21999
"1929",21842
"1930",21230
"1931",20984
"1932",21009
"1933",22206
"1934",23293
"1935",25031
"1936",26663
"1937",28460
"1938",29684
"1939",30672
"1940",31072
"1941",31512
"1942",31397
"1943",31348
"1944",31058
"1945",30639
"1946",30135
"1947",29432
"1948",28907
"1949",28471
"1950",28126
"1951",27925
"1952",27809
"1953",27954
"1954",28318
"1955",28834
"1956",28724
"1957",28518
"1958",28181
"1959",27605
"1960",27165
"1961",26661
"1962",26316
"1963",26514
"1964",27119
"1965",27223
"1966",26513
"1967",25354
"1968",23947
"1969",22782
"1970",22034
"1971",22004
"1972",21934
"1973",21541
"1974",21189
"1975",20806
"1976",20556
"1977",20390
"1978",19881
"1979",19496
"1980",19418
"1981",19949
"1982",20714
"1983",21604
"1984",22589
"1985",23902
"1986",25052
"1987",26384
"1988",27504
"1989",28492
"1990",29177
"1991",29732
"1992",29982
"1993",30197
"1994",29994
"1995",29104
"1996",28063
"1997",27510
"1998",27184
"1999",27021
"2000",26775
"2001",26879
"2002",27097
"2003",27143
"2004",27119
"2005",27142
"2006",27110
"2007",27107
"2008",26775
"2009",26886
"2010",26834
"2011",27667
"2012",28552
"2013",28495
"2014",27452
"2015",25565
"2016",23764
"2017",22421
"2018",21724
"2019",21844
"2020",22095
"2021",21862
"2022",21554
"2023",21466
"2024",21428
"2025",21326
"2026",21131
"2027",21356
"2028",22078
"2029",24352
"2030",27030
"2031",30528
"2032",33059
"2033",34851
"2034",35312
"2035",36154
"2036",36505
"2037",36568
"2038",36774
"2039",37118
"2040",37178
"2041",37214
"2042",36869
"2043",36460
"2044",36140
"2045",36118
"2046",35976
"2047",35708
"2048",36061
"2049",36546
"2050",36640
"2051",36326
"2052",35617
"2053",34407
"2054",33339
"2055",32612
"2056",31904
"2057",30899
"2058",31018
"2059",31444
"2060",32118
"2061",31907
"2062",30526
"2063",28336
"2064",26355
"2065",24734
"2066",24085
"2067",24069
"2068",24101
"2069",23761
"2070",23408
"2071",23348
"2072",23215
"2073",23144
"2074",22998
"2075",22906
"2076",23350
"2077",25446
"2078",27975
"2079",31231
"2080",33490
"2081",35026
"2082",35632
"2083",36220
"2084",36620
"2085",36723
"2086",36903
"2087",36974
"2088",37261
"2089",37289
"2090",36930
"2091",36633
"2092",36432
"2093",36440
"2094",36248
"2095",36290
"2096",36496
"2097",36996
"2098",37118
"2099",36876
"2100",35845
"2101",34725
"2102",33861
"2103",32843
"2104",32012
"2105",31430
"2106",31386
"2107",31681
"2108",32285
"2109",32111
"2110",30656
"2111",28577
"2112",26503
"2113",25097
"2114",24328
"2115",24180
"2116",24265
"2117",23924
"2118",23566
"2119",23332
"2120",23302
"2121",23252
"2122",23072
"2123",22909
"2124",23491
"2125",25587
"2126",27993
"2127",31313
"2128",33752
"2129",35371
"2130",35944
"2131",36773
"2132",36978
"2133",36973
"2134",37072
"2135",37051
"2136",37318
"2137",37513
"2138",37156
"2139",36774
"2140",36567
"2141",36449
"2142",36343
"2143",36090
"2144",36426
"2145",36812
"2146",36980
"2147",36662
"2148",35654
"2149",34351
"2150",33697
"2151",32613
"2152",31711
"2153",31450
"2154",31103
"2155",31332
"2156",31917
"2157",31781
"2158",30581
"2159",28726
"2160",27009
"2161",25316
"2162",24548
"2163",24480
"2164",24308
"2165",24028
"2166",23725
"2167",23537
"2168",23472
"2169",23452
"2170",23209
"2171",23207
"2172",23616
"2173",25862
"2174",28298
"2175",31361
"2176",33843
"2177",35585
"2178",36274
"2179",36993
"2180",37242
"2181",37304
"2182",37390
"2183",37603
"2184",37711
"2185",37606
"2186",37214
"2187",36938
"2188",36825
"2189",36834
"2190",36712
"2191",36546
"2192",36786
"2193",37042
"2194",37216
"2195",36708
"2196",35737
"2197",34684
"2198",33970
"2199",32902
"2200",31870
"2201",31381
"2202",31149
"2203",31595
"2204",32431
"2205",32026
"2206",30680
"2207",28690
"2208",26598
"2209",25163
"2210",24438
"2211",24145
"2212",23965
"2213",23674
"2214",23347
"2215",23177
"2216",23117
"2217",23008
"2218",22778
"2219",22633
"2220",23081
"2221",25184
"2222",27593
"2223",30702
"2224",33104
"2225",34820
"2226",35496
"2227",36326
"2228",36505
"2229",36678
"2230",36890
"2231",36892
"2232",37020
"2233",36845
"2234",36321
"2235",35868
"2236",35555
"2237",35385
"2238",35109
"2239",34850
"2240",34972
"2241",35122
"2242",35141
"2243",34713
"2244",33882
"2245",32938
"2246",32034
"2247",31020
"2248",30197
"2249",29527
"2250",29055
"2251",29407
"2252",30121
"2253",29997
"2254",28810
"2255",27115
"2256",25592
"2257",24187
"2258",23142
"2259",22938
"2260",22665
"2261",22161
"2262",21630
"2263",21378
"2264",21229
"2265",21101
"2266",20737
"2267",20523
"2268",20506
"2269",21498
"2270",22577
"2271",24152
"2272",25606
"2273",27360
"2274",28560
"2275",29677
"2276",30179
"2277",30298
"2278",30321
"2279",30336
"2280",30105
"2281",29755
"2282",29411
"2283",28656
"2284",27992
"2285",27600
"2286",27304
"2287",27049
"2288",26967
"2289",27127
"2290",27538
"2291",27917
"2292",27958
"2293",27588
"2294",27425
"2295",27008
"2296",26673
"2297",26142
"2298",26085
"2299",26687
"2300",27249
"2301",26797
"2302",25910
"2303",24683
"2304",23459
"2305",22227
"2306",21495
"2307",21310
"2308",21086
"2309",20684
"2310",20264
"2311",19973
"2312",19806
"2313",19581
"2314",19383
"2315",19109
"2316",18869
"2317",19428
"2318",20015
"2319",20768
"2320",21720
"2321",22900
"2322",24092
"2323",25373
"2324",26353
"2325",27383
"2326",27979
"2327",28699
"2328",28908
"2329",29089
"2330",28964
"2331",28209
"2332",27484
"2333",27017
"2334",26663
"2335",26474
"2336",26387
"2337",26546
"2338",26915
"2339",27031
"2340",27065
"2341",27014
"2342",26793
"2343",26985
"2344",26765
"2345",26903
"2346",27023
"2347",28019
"2348",28423
"2349",27579
"2350",26359
"2351",24589
"2352",22936
"2353",21453
"2354",20977
"2355",20803
"2356",20899
"2357",20668
"2358",20451
"2359",20324
"2360",20391
"2361",20383
"2362",20388
"2363",20564
"2364",21114
"2365",23298
"2366",25505
"2367",28507
"2368",30854
"2369",32956
"2370",34017
"2371",35016
"2372",35396
"2373",35587
"2374",35741
"2375",35997
"2376",36161
"2377",36165
"2378",35827
"2379",35512
"2380",35094
"2381",35088
"2382",35045
"2383",34863
"2384",34957
"2385",35262
"2386",35423
"2387",35352
"2388",34880
"2389",33870
"2390",33122
"2391",32325
"2392",31660
"2393",31083
"2394",31367
"2395",31863
"2396",31412
"2397",30246
"2398",28889
"2399",26762
"2400",25002
"2401",23456
"2402",22720
"2403",22733
"2404",22864
"2405",22467
"2406",22145
"2407",21983
"2408",22045
"2409",21829
"2410",21813
"2411",21997
"2412",22232
"2413",24139
"2414",26224
"2415",29145
"2416",31450
"2417",33325
"2418",34444
"2419",35086
"2420",35356
"2421",35352
"2422",35544
"2423",35693
"2424",35762
"2425",35756
"2426",35411
"2427",35128
"2428",34994
"2429",34857
"2430",34731
"2431",34449
"2432",34624
"2433",35043
"2434",35045
"2435",34912
"2436",34208
"2437",32994
"2438",32467
"2439",31603
"2440",30855
"2441",30608
"2442",30868
"2443",31549
"2444",31661
"2445",30667
"2446",29098
"2447",27114
"2448",25315
"2449",23564
"2450",22865
"2451",22674
"2452",22738
"2453",22335
"2454",21911
"2455",21876
"2456",21874
"2457",21714
"2458",21683
"2459",21769
"2460",22076
"2461",23999
"2462",26330
"2463",29003
"2464",31196
"2465",33068
"2466",34227
"2467",35033
"2468",35415
"2469",35587
"2470",35608
"2471",35796
"2472",35902
"2473",36013
"2474",35708
"2475",35309
"2476",35053
"2477",35040
"2478",34900
"2479",34708
"2480",34856
"2481",35024
"2482",35316
"2483",35193
"2484",34396
"2485",33400
"2486",32566
"2487",31541
"2488",30842
"2489",30472
"2490",30457
"2491",31072
"2492",31416
"2493",30812
"2494",29215
"2495",27341
"2496",25409
"2497",23835
"2498",23059
"2499",22905
"2500",22777
"2501",22402
"2502",22131
"2503",21969
"2504",21839
"2505",21819
"2506",21806
"2507",21762
"2508",22145
"2509",24117
"2510",26273
"2511",28922
"2512",31153
"2513",33064
"2514",34178
"2515",35173
"2516",35586
"2517",35711
"2518",35874
"2519",36057
"2520",36140
"2521",36196
"2522",35823
"2523",35563
"2524",35315
"2525",35320
"2526",35199
"2527",35107
"2528",35167
"2529",35417
"2530",35681
"2531",35535
"2532",34700
"2533",33641
"2534",32701
"2535",31842
"2536",31062
"2537",30697
"2538",30772
"2539",31411
"2540",31522
"2541",30618
"2542",29156
"2543",27117
"2544",25359
"2545",23694
"2546",22923
"2547",22673
"2548",22633
"2549",22240
"2550",21877
"2551",21728
"2552",21622
"2553",21580
"2554",21434
"2555",21446
"2556",21812
"2557",23691
"2558",25686
"2559",28460
"2560",30737
"2561",32619
"2562",33860
"2563",34728
"2564",35036
"2565",35166
"2566",35232
"2567",35389
"2568",35456
"2569",35482
"2570",35052
"2571",34760
"2572",34362
"2573",34158
"2574",33919
"2575",33761
"2576",33541
"2577",33602
"2578",33778
"2579",33793
"2580",33031
"2581",32212
"2582",31415
"2583",30522
"2584",29606
"2585",29001
"2586",28797
"2587",29410
"2588",29711
"2589",29031
"2590",27747
"2591",26212
"2592",24681
"2593",23203
"2594",22495
"2595",22290
"2596",22059
"2597",21573
"2598",21223
"2599",20999
"2600",20803
"2601",20561
"2602",20291
"2603",19957
"2604",19866
"2605",20765
"2606",21923
"2607",23524
"2608",25069
"2609",26802
"2610",28036
"2611",29275
"2612",29801
"2613",30107
"2614",30144
"2615",30136
"2616",30065
"2617",29713
"2618",29265
"2619",28627
"2620",28054
"2621",27727
"2622",27423
"2623",27253
"2624",27101
"2625",27349
"2626",27795
"2627",28115
"2628",28123
"2629",27747
"2630",27411
"2631",27018
"2632",26642
"2633",26078
"2634",25917
"2635",26574
"2636",27137
"2637",26858
"2638",25981
"2639",24671
"2640",23515
"2641",22208
"2642",21516
"2643",21219
"2644",20973
"2645",20447
"2646",19959
"2647",19705
"2648",19567
"2649",19335
"2650",19179
"2651",18809
"2652",18640
"2653",19074
"2654",19661
"2655",20561
"2656",21627
"2657",22992
"2658",24278
"2659",25553
"2660",26442
"2661",27265
"2662",27822
"2663",28352
"2664",28572
"2665",28733
"2666",28560
"2667",27746
"2668",27015
"2669",26790
"2670",26377
"2671",26169
"2672",26086
"2673",26208
"2674",26401
"2675",26500
"2676",26582
"2677",26514
"2678",26344
"2679",26245
"2680",25940
"2681",25933
"2682",26309
"2683",27776
"2684",28249
"2685",27695
"2686",26385
"2687",24740
"2688",23204
"2689",21771
"2690",21118
"2691",20901
"2692",20947
"2693",20625
"2694",20313
"2695",20251
"2696",20237
"2697",20244
"2698",20276
"2699",20446
"2700",20851
"2701",22746
"2702",24860
"2703",27773
"2704",30156
"2705",32181
"2706",33448
"2707",34577
"2708",35023
"2709",35220
"2710",35332
"2711",35651
"2712",35650
"2713",35651
"2714",35429
"2715",35163
"2716",34859
"2717",34766
"2718",34683
"2719",34511
"2720",34644
"2721",34766
"2722",35028
"2723",34891
"2724",34159
"2725",33201
"2726",32423
"2727",31652
"2728",30989
"2729",30326
"2730",30789
"2731",31846
"2732",31630
"2733",30437
"2734",28691
"2735",26658
"2736",24829
"2737",23241
"2738",22491
"2739",22408
"2740",22303
"2741",21912
"2742",21481
"2743",21301
"2744",21389
"2745",21307
"2746",21321
"2747",21413
"2748",21747
"2749",23426
"2750",25564
"2751",28304
"2752",30417
"2753",32491
"2754",33601
"2755",34525
"2756",34774
"2757",34813
"2758",34950
"2759",35047
"2760",35123
"2761",35204
"2762",34910
"2763",34653
"2764",34393
"2765",34423
"2766",34327
"2767",34248
"2768",34290
"2769",34537
"2770",34629
"2771",34318
"2772",33512
"2773",32740
"2774",31936
"2775",30867
"2776",30089
"2777",29659
"2778",29631
"2779",30792
"2780",30850
"2781",30253
"2782",28545
"2783",26754
"2784",24824
"2785",23351
"2786",22627
"2787",22427
"2788",22170
"2789",21785
"2790",21330
"2791",21271
"2792",21285
"2793",21247
"2794",21219
"2795",21338
"2796",21601
"2797",23346
"2798",25466
"2799",28096
"2800",30271
"2801",32148
"2802",33282
"2803",34234
"2804",34525
"2805",34767
"2806",34880
"2807",35144
"2808",35258
"2809",35388
"2810",35037
"2811",34643
"2812",34285
"2813",34351
"2814",34162
"2815",34099
"2816",34093
"2817",34437
"2818",34601
"2819",34608
"2820",33741
"2821",32956
"2822",32133
"2823",31292
"2824",30807
"2825",30401
"2826",30501
"2827",31087
"2828",30899
"2829",30088
"2830",28469
"2831",26738
"2832",24810
"2833",23334
"2834",22560
"2835",22329
"2836",22352
"2837",21988
"2838",21686
"2839",21501
"2840",21543
"2841",21437
"2842",21455
"2843",21576
"2844",21866
"2845",23514
"2846",25591
"2847",28145
"2848",30315
"2849",32075
"2850",33250
"2851",34180
"2852",34470
"2853",34601
"2854",34839
"2855",35092
"2856",35194
"2857",35193
"2858",34977
"2859",34686
"2860",34448
"2861",34526
"2862",34389
"2863",34349
"2864",34414
"2865",34569
"2866",34817
"2867",34707
"2868",34030
"2869",33248
"2870",32595
"2871",31573
"2872",30654
"2873",30274
"2874",30515
"2875",31608
"2876",31203
"2877",30051
"2878",28526
"2879",26719
"2880",24987
"2881",23373
"2882",22570
"2883",22439
"2884",22316
"2885",21855
"2886",21577
"2887",21419
"2888",21390
"2889",21277
"2890",21287
"2891",21475
"2892",21736
"2893",23496
"2894",25485
"2895",28125
"2896",30308
"2897",32242
"2898",33468
"2899",34354
"2900",34522
"2901",34629
"2902",34809
"2903",34854
"2904",34901
"2905",34787
"2906",34489
"2907",34139
"2908",33820
"2909",33623
"2910",33287
"2911",32920
"2912",32840
"2913",32891
"2914",33047
"2915",33128
"2916",32460
"2917",31744
"2918",31093
"2919",30435
"2920",29584
"2921",29321
"2922",29533
"2923",30431
"2924",29989
"2925",29018
"2926",27702
"2927",26074
"2928",24618
"2929",23212
"2930",22310
"2931",22095
"2932",21909
"2933",21420
"2934",21024
"2935",20737
"2936",20607
"2937",20464
"2938",20262
"2939",20223
"2940",20080
"2941",20952
"2942",21950
"2943",23480
"2944",25019
"2945",26825
"2946",27917
"2947",29044
"2948",29518
"2949",29800
"2950",29820
"2951",29796
"2952",29682
"2953",29322
"2954",28918
"2955",28236
"2956",27650
"2957",27240
"2958",26879
"2959",26726
"2960",26682
"2961",26894
"2962",27461
"2963",27884
"2964",27942
"2965",27622
"2966",27305
"2967",27023
"2968",26688
"2969",26255
"2970",26495
"2971",27767
"2972",27678
"2973",27058
"2974",26109
"2975",24922
"2976",23646
"2977",22434
"2978",21595
"2979",21299
"2980",20946
"2981",20487
"2982",20030
"2983",19748
"2984",19637
"2985",19495
"2986",19294
"2987",19193
"2988",18939
"2989",19339
"2990",19900
"2991",20848
"2992",21865
"2993",23206
"2994",24338
"2995",25482
"2996",26422
"2997",27315
"2998",28044
"2999",28546
"3000",28906
"3001",29096
"3002",28876
"3003",28227
"3004",27516
"3005",27087
"3006",26648
"3007",26416
"3008",26392
"3009",26592
"3010",26814
"3011",26908
"3012",26786
"3013",26816
"3014",26634
"3015",26514
"3016",26299
"3017",26454
"3018",26760
"3019",28578
"3020",28609
"3021",27913
"3022",26523
"3023",24989
"3024",23375
"3025",22078
"3026",21410
"3027",21377
"3028",21269
"3029",20951
"3030",20655
"3031",20495
"3032",20585
"3033",20586
"3034",20641
"3035",21037
"3036",21377
"3037",23389
"3038",25622
"3039",28487
"3040",30870
"3041",32993
"3042",34211
"3043",35256
"3044",35617
"3045",35821
"3046",36032
"3047",36282
"3048",36340
"3049",36537
"3050",36296
"3051",36017
"3052",35994
"3053",35948
"3054",35859
"3055",35765
"3056",35753
"3057",36058
"3058",36315
"3059",36050
"3060",35248
"3061",34222
"3062",33545
"3063",32731
"3064",31885
"3065",31397
"3066",32224
"3067",33166
"3068",32505
"3069",31230
"3070",29430
"3071",27526
"3072",25691
"3073",24203
"3074",23484
"3075",23436
"3076",23207
"3077",22817
"3078",22562
"3079",22427
"3080",22423
"3081",22342
"3082",22402
"3083",22785
"3084",22949
"3085",24695
"3086",26750
"3087",29468
"3088",31734
"3089",33757
"3090",34643
"3091",35517
"3092",35895
"3093",35908
"3094",36210
"3095",36438
"3096",36612
"3097",36620
"3098",36319
"3099",36123
"3100",35978
"3101",35777
"3102",35661
"3103",35575
"3104",35845
"3105",35950
"3106",36177
"3107",36075
"3108",35137
"3109",34164
"3110",33281
"3111",32329
"3112",31468
"3113",31167
"3114",31809
"3115",33196
"3116",32601
"3117",31436
"3118",29679
"3119",27635
"3120",25833
"3121",24315
"3122",23690
"3123",23441
"3124",23198
"3125",22818
"3126",22551
"3127",22354
"3128",22359
"3129",22348
"3130",22282
"3131",22676
"3132",22926
"3133",24621
"3134",26681
"3135",29533
"3136",31842
"3137",33888
"3138",34826
"3139",35747
"3140",36136
"3141",36303
"3142",36479
"3143",36565
"3144",36689
"3145",36740
"3146",36378
"3147",36043
"3148",35930
"3149",35760
"3150",35676
"3151",35644
"3152",35661
"3153",35851
"3154",36151
"3155",36010
"3156",35225
"3157",34283
"3158",33618
"3159",32731
"3160",32070
"3161",32037
"3162",32639
"3163",33449
"3164",32635
"3165",31361
"3166",29759
"3167",27891
"3168",25833
"3169",24246
"3170",23580
"3171",23512
"3172",23310
"3173",22893
"3174",22577
"3175",22392
"3176",22392
"3177",22384
"3178",22428
"3179",22749
"3180",23062
"3181",24803
"3182",26788
"3183",29596
"3184",31831
"3185",33770
"3186",35053
"3187",35888
"3188",36010
"3189",36251
"3190",36312
"3191",36525
"3192",36806
"3193",36647
"3194",36385
"3195",36059
"3196",35900
"3197",35703
"3198",35622
"3199",35529
"3200",35492
"3201",35553
"3202",35692
"3203",35387
"3204",34589
"3205",33958
"3206",33170
"3207",32316
"3208",31738
"3209",31830
"3210",32595
"3211",33382
"3212",32527
"3213",31194
"3214",29578
"3215",27652
"3216",25848
"3217",24311
"3218",23460
"3219",23333
"3220",23232
"3221",22764
"3222",22486
"3223",22372
"3224",22377
"3225",22270
"3226",22231
"3227",22613
"3228",22756
"3229",24529
"3230",26522
"3231",29281
"3232",31635
"3233",33533
"3234",34586
"3235",35502
"3236",35664
"3237",35733
"3238",35823
"3239",35880
"3240",35880
"3241",35985
"3242",35608
"3243",35166
"3244",34949
"3245",34612
"3246",34452
"3247",34221
"3248",34122
"3249",34192
"3250",34293
"3251",34079
"3252",33352
"3253",32510
"3254",31804
"3255",31013
"3256",30103
"3257",29685
"3258",30215
"3259",31615
"3260",31118
"3261",29956
"3262",28531
"3263",26846
"3264",25326
"3265",23854
"3266",23167
"3267",22917
"3268",22525
"3269",22035
"3270",21592
"3271",21291
"3272",21177
"3273",21053
"3274",20840
"3275",20917
"3276",20728
"3277",21492
"3278",22631
"3279",24221
"3280",25848
"3281",27553
"3282",28954
"3283",30034
"3284",30639
"3285",30852
"3286",30835
"3287",30760
"3288",30617
"3289",30216
"3290",29643
"3291",28976
"3292",28507
"3293",28110
"3294",27700
"3295",27529
"3296",27588
"3297",27868
"3298",28237
"3299",28729
"3300",28777
"3301",28389
"3302",28315
"3303",27919
"3304",27627
"3305",27641
"3306",28345
"3307",28867
"3308",28212
"3309",27567
"3310",26869
"3311",25442
"3312",24145
"3313",22947
"3314",22213
"3315",21917
"3316",21597
"3317",21050
"3318",20515
"3319",20215
"3320",20142
"3321",20010
"3322",19829
"3323",19837
"3324",19704
"3325",19881
"3326",20463
"3327",21414
"3328",22572
"3329",23859
"3330",25007
"3331",26286
"3332",27291
"3333",28202
"3334",28946
"3335",29344
"3336",29639
"3337",29897
"3338",29777
"3339",29078
"3340",28579
"3341",28012
"3342",27615
"3343",27549
"3344",27595
"3345",27641
"3346",27979
"3347",28210
"3348",28217
"3349",28362
"3350",28337
"3351",28312
"3352",28292
"3353",28823
"3354",29935
"3355",30106
"3356",29615
"3357",28625
"3358",27150
"3359",25427
"3360",23841
"3361",22489
"3362",21898
"3363",21932
"3364",21943
"3365",21651
"3366",21412
"3367",21136
"3368",21227
"3369",21341
"3370",21382
"3371",21880
"3372",22598
"3373",24631
"3374",26989
"3375",29734
"3376",32143
"3377",34391
"3378",35745
"3379",36919
"3380",37318
"3381",37299
"3382",37521
"3383",37631
"3384",37755
"3385",37849
"3386",37594
"3387",37152
"3388",37126
"3389",37039
"3390",36981
"3391",36846
"3392",36841
"3393",37047
"3394",37160
"3395",36856
"3396",35761
"3397",34906
"3398",34139
"3399",33489
"3400",32784
"3401",32243
"3402",33516
"3403",34568
"3404",33545
"3405",32173
"3406",30495
"3407",28426
"3408",26405
"3409",24923
"3410",24327
"3411",24097
"3412",24009
"3413",23636
"3414",23326
"3415",23164
"3416",22936
"3417",23025
"3418",23031
"3419",23496
"3420",23734
"3421",25322
"3422",27439
"3423",30185
"3424",32466
"3425",34420
"3426",35521
"3427",36394
"3428",36642
"3429",36761
"3430",36809
"3431",36901
"3432",37020
"3433",37068
"3434",36698
"3435",36472
"3436",36403
"3437",36268
"3438",36239
"3439",36078
"3440",36264
"3441",36588
"3442",36902
"3443",36690
"3444",35842
"3445",35119
"3446",34309
"3447",33636
"3448",33128
"3449",33231
"3450",34024
"3451",34658
"3452",33370
"3453",32176
"3454",30417
"3455",28428
"3456",26673
"3457",25124
"3458",24383
"3459",24114
"3460",24167
"3461",23746
"3462",23444
"3463",23259
"3464",23217
"3465",23197
"3466",23185
"3467",23561
"3468",23818
"3469",25395
"3470",27464
"3471",30307
"3472",32365
"3473",34165
"3474",35240
"3475",36050
"3476",36221
"3477",36283
"3478",36439
"3479",36504
"3480",36710
"3481",36921
"3482",36427
"3483",36032
"3484",35964
"3485",35817
"3486",35794
"3487",35626
"3488",35744
"3489",35977
"3490",36337
"3491",36128
"3492",35343
"3493",34456
"3494",33700
"3495",33127
"3496",32626
"3497",32706
"3498",33837
"3499",34144
"3500",33043
"3501",32013
"3502",30575
"3503",28624
"3504",26782
"3505",25168
"3506",24479
"3507",24239
"3508",24063
"3509",23701
"3510",23279
"3511",23166
"3512",23130
"3513",23161
"3514",23148
"3515",23509
"3516",23799
"3517",25471
"3518",27502
"3519",30255
"3520",32610
"3521",34374
"3522",35506
"3523",36167
"3524",36345
"3525",36483
"3526",36680
"3527",36819
"3528",36964
"3529",37029
"3530",36613
"3531",36380
"3532",36234
"3533",36092
"3534",35935
"3535",35867
"3536",35976
"3537",36174
"3538",36354
"3539",36078
"3540",35454
"3541",34455
"3542",33604
"3543",33082
"3544",32537
"3545",32560
"3546",33891
"3547",34075
"3548",32982
"3549",31860
"3550",30198
"3551",28433
"3552",26770
"3553",25179
"3554",24314
"3555",24157
"3556",23944
"3557",23387
"3558",23140
"3559",23067
"3560",22994
"3561",22940
"3562",22904
"3563",23375
"3564",23742
"3565",25401
"3566",27491
"3567",30268
"3568",32611
"3569",34417
"3570",35604
"3571",36531
"3572",36818
"3573",36875
"3574",36998
"3575",37110
"3576",37296
"3577",37392
"3578",36897
"3579",36333
"3580",35999
"3581",35656
"3582",35441
"3583",35062
"3584",34861
"3585",34834
"3586",35039
"3587",34876
"3588",34243
"3589",33596
"3590",32946
"3591",32395
"3592",31698
"3593",31837
"3594",32422
"3595",32452
"3596",31564
"3597",30367
"3598",29055
"3599",27393
"3600",25924
"3601",24446
"3602",23832
"3603",23517
"3604",23189
"3605",22544
"3606",22096
"3607",21913
"3608",21776
"3609",21602
"3610",21460
"3611",21622
"3612",21817
"3613",22398
"3614",23322
"3615",25034
"3616",26611
"3617",28339
"3618",29635
"3619",30840
"3620",31339
"3621",31521
"3622",31709
"3623",31548
"3624",31366
"3625",30966
"3626",30464
"3627",29621
"3628",29087
"3629",28491
"3630",28044
"3631",27791
"3632",27842
"3633",28011
"3634",28398
"3635",28802
"3636",28718
"3637",28372
"3638",27955
"3639",27537
"3640",27606
"3641",27690
"3642",28652
"3643",28897
"3644",28307
"3645",27657
"3646",26860
"3647",25377
"3648",24107
"3649",22869
"3650",22202
"3651",21806
"3652",21483
"3653",20986
"3654",20599
"3655",20296
"3656",20238
"3657",20082
"3658",19802
"3659",19747
"3660",19718
"3661",19953
"3662",20489
"3663",21431
"3664",22514
"3665",23961
"3666",25355
"3667",26602
"3668",27510
"3669",28306
"3670",28788
"3671",29166
"3672",29536
"3673",29557
"3674",29406
"3675",28543
"3676",28013
"3677",27430
"3678",27187
"3679",26980
"3680",27033
"3681",27173
"3682",27392
"3683",27578
"3684",27561
"3685",27771
"3686",27772
"3687",27625
"3688",27497
"3689",28461
"3690",29738
"3691",30108
"3692",29309
"3693",28351
"3694",26974
"3695",25265
"3696",23835
"3697",22651
"3698",21874
"3699",21763
"3700",21798
"3701",21625
"3702",21321
"3703",21071
"3704",21093
"3705",21177
"3706",21223
"3707",21854
"3708",22429
"3709",24271
"3710",26533
"3711",29373
"3712",31848
"3713",33979
"3714",35182
"3715",36245
"3716",36535
"3717",36653
"3718",36699
"3719",36928
"3720",37015
"3721",37202
"3722",36850
"3723",36522
"3724",36332
"3725",36201
"3726",36249
"3727",36159
"3728",36327
"3729",36462
"3730",36629
"3731",36405
"3732",35531
"3733",34835
"3734",34261
"3735",33676
"3736",33203
"3737",33164
"3738",34409
"3739",34469
"3740",33085
"3741",31815
"3742",30031
"3743",27989
"3744",26190
"3745",24702
"3746",24068
"3747",23964
"3748",23932
"3749",23508
"3750",23271
"3751",23113
"3752",23018
"3753",22997
"3754",23046
"3755",23450
"3756",23841
"3757",25520
"3758",27645
"3759",30235
"3760",32532
"3761",34497
"3762",35575
"3763",36403
"3764",36578
"3765",36659
"3766",36738
"3767",36832
"3768",37016
"3769",37050
"3770",36685
"3771",36273
"3772",36180
"3773",36019
"3774",35842
"3775",35768
"3776",35846
"3777",36149
"3778",36376
"3779",36134
"3780",35383
"3781",34660
"3782",33885
"3783",33017
"3784",32553
"3785",33152
"3786",34742
"3787",34849
"3788",33554
"3789",32208
"3790",30423
"3791",28566
"3792",26714
"3793",24969
"3794",24269
"3795",24219
"3796",24115
"3797",23772
"3798",23482
"3799",23383
"3800",23256
"3801",23257
"3802",23332
"3803",23680
"3804",24290
"3805",25831
"3806",27888
"3807",30556
"3808",32830
"3809",34816
"3810",35867
"3811",36625
"3812",36829
"3813",36969
"3814",36981
"3815",37068
"3816",37261
"3817",37272
"3818",36826
"3819",36465
"3820",36220
"3821",36148
"3822",36163
"3823",35938
"3824",36028
"3825",36233
"3826",36503
"3827",36350
"3828",35533
"3829",34639
"3830",33834
"3831",33133
"3832",32679
"3833",33512
"3834",34804
"3835",34652
"3836",33661
"3837",32448
"3838",30767
"3839",28762
"3840",27016
"3841",25338
"3842",24514
"3843",24375
"3844",24224
"3845",23739
"3846",23447
"3847",23222
"3848",23171
"3849",23187
"3850",23232
"3851",23674
"3852",24368
"3853",25814
"3854",27894
"3855",30584
"3856",32926
"3857",34831
"3858",35890
"3859",36720
"3860",36903
"3861",36869
"3862",37091
"3863",37307
"3864",37480
"3865",37440
"3866",37095
"3867",36805
"3868",36642
"3869",36461
"3870",36358
"3871",36234
"3872",36431
"3873",36573
"3874",36790
"3875",36530
"3876",35562
"3877",34767
"3878",34197
"3879",33452
"3880",33026
"3881",33940
"3882",35455
"3883",35489
"3884",34041
"3885",32394
"3886",30961
"3887",28958
"3888",27151
"3889",25394
"3890",24722
"3891",24370
"3892",24319
"3893",23895
"3894",23687
"3895",23451
"3896",23408
"3897",23307
"3898",23304
"3899",23755
"3900",24278
"3901",25747
"3902",27698
"3903",30325
"3904",32614
"3905",34547
"3906",35652
"3907",36463
"3908",36864
"3909",36803
"3910",36907
"3911",36997
"3912",37106
"3913",37070
"3914",36651
"3915",36098
"3916",35667
"3917",35487
"3918",35301
"3919",35067
"3920",34928
"3921",34738
"3922",35004
"3923",34748
"3924",34090
"3925",33476
"3926",32893
"3927",32250
"3928",31997
"3929",33010
"3930",33477
"3931",33064
"3932",31953
"3933",30548
"3934",29236
"3935",27623
"3936",26063
"3937",24653
"3938",23879
"3939",23508
"3940",23275
"3941",22890
"3942",22462
"3943",22124
"3944",22085
"3945",21978
"3946",21862
"3947",21954
"3948",22144
"3949",22972
"3950",23788
"3951",25099
"3952",26677
"3953",28494
"3954",29881
"3955",31048
"3956",31513
"3957",31841
"3958",32092
"3959",31975
"3960",31740
"3961",31341
"3962",30738
"3963",30108
"3964",29767
"3965",29213
"3966",28727
"3967",28557
"3968",28425
"3969",28664
"3970",29198
"3971",29768
"3972",29894
"3973",29628
"3974",29120
"3975",28838
"3976",28936
"3977",29366
"3978",29754
"3979",29309
"3980",28603
"3981",27695
"3982",26749
"3983",25382
"3984",24128
"3985",22914
"3986",22150
"3987",21808
"3988",21484
"3989",21041
"3990",20569
"3991",20190
"3992",20191
"3993",19974
"3994",19741
"3995",19896
"3996",19949
"3997",20062
"3998",20497
"3999",21501
"4000",22349
"4001",23741
"4002",24870
"4003",26044
"4004",26849
"4005",27618
"4006",28421
"4007",28852
"4008",29139
"4009",29385
"4010",29103
"4011",28291
"4012",27778
"4013",27178
"4014",26837
"4015",26609
"4016",26487
"4017",26507
"4018",26700
"4019",26824
"4020",26903
"4021",26834
"4022",26646
"4023",26476
"4024",26615
"4025",27940
"4026",28693
"4027",28677
"4028",27946
"4029",27133
"4030",25996
"4031",24610
"4032",23132
